p_c,R(code units),M(Msun),e(pc),col2(pc),col3(pc)
1.000000e-15,3.000000e+01,5.284591e-07,6.899924e-12,9.209271e+02,0.000000e+00
1.096260e-15,3.000000e+01,5.772842e-07,7.537454e-12,9.210324e+02,0.000000e+00
1.201785e-15,3.000000e+01,6.308086e-07,8.236352e-12,9.211479e+02,0.000000e+00
1.317469e-15,3.000000e+01,6.894846e-07,9.002526e-12,9.212744e+02,0.000000e+00
1.444288e-15,3.000000e+01,7.538080e-07,9.842452e-12,9.214131e+02,0.000000e+00
1.583315e-15,3.000000e+01,8.243222e-07,1.076323e-11,9.215651e+02,0.000000e+00
1.735724e-15,3.000000e+01,9.016230e-07,1.177264e-11,9.217318e+02,0.000000e+00
1.902805e-15,3.000000e+01,9.863634e-07,1.287921e-11,9.219146e+02,0.000000e+00
2.085968e-15,3.000000e+01,1.079259e-06,1.409231e-11,9.221149e+02,0.000000e+00
2.286763e-15,3.000000e+01,1.181095e-06,1.542218e-11,9.223345e+02,0.000000e+00
2.506886e-15,3.000000e+01,1.292732e-06,1.688005e-11,9.225753e+02,0.000000e+00
2.748198e-15,3.000000e+01,1.415111e-06,1.847827e-11,9.228392e+02,0.000000e+00
3.012739e-15,3.000000e+01,1.549268e-06,2.023033e-11,9.231286e+02,0.000000e+00
3.302744e-15,3.000000e+01,1.696334e-06,2.215104e-11,9.234458e+02,0.000000e+00
3.620666e-15,3.000000e+01,1.857553e-06,2.425664e-11,9.237935e+02,0.000000e+00
3.969190e-15,3.000000e+01,2.034284e-06,2.656492e-11,9.241747e+02,0.000000e+00
4.351263e-15,3.000000e+01,2.228020e-06,2.909539e-11,9.245926e+02,0.000000e+00
4.770114e-15,3.000000e+01,2.440397e-06,3.186945e-11,9.250507e+02,0.000000e+00
5.229284e-15,3.000000e+01,2.492353e-06,3.254137e-11,9.250938e+02,0.000000e+00
5.732654e-15,3.000000e+01,2.530164e-06,3.303506e-11,9.250940e+02,0.000000e+00
6.284477e-15,3.000000e+01,2.571615e-06,3.357629e-11,9.250942e+02,0.000000e+00
6.889420e-15,3.000000e+01,2.617056e-06,3.416961e-11,9.250944e+02,0.000000e+00
7.552593e-15,3.000000e+01,2.666871e-06,3.482004e-11,9.250947e+02,0.000000e+00
8.279604e-15,3.000000e+01,2.721481e-06,3.553309e-11,9.250950e+02,0.000000e+00
9.076596e-15,3.000000e+01,2.781348e-06,3.631477e-11,9.250953e+02,0.000000e+00
9.950307e-15,3.000000e+01,2.846977e-06,3.717170e-11,9.250957e+02,0.000000e+00
1.090812e-14,3.000000e+01,2.918924e-06,3.811111e-11,9.250960e+02,0.000000e+00
1.195813e-14,3.000000e+01,2.997796e-06,3.914095e-11,9.250964e+02,0.000000e+00
1.310922e-14,3.000000e+01,3.084260e-06,4.026993e-11,9.250969e+02,0.000000e+00
1.437111e-14,3.000000e+01,3.179046e-06,4.150758e-11,9.250974e+02,0.000000e+00
1.575447e-14,3.000000e+01,3.282957e-06,4.286436e-11,9.250979e+02,0.000000e+00
1.727099e-14,3.000000e+01,3.396870e-06,4.435175e-11,9.250985e+02,0.000000e+00
1.893349e-14,3.000000e+01,3.521747e-06,4.598231e-11,9.250992e+02,0.000000e+00
2.075602e-14,3.000000e+01,3.658644e-06,4.776984e-11,9.250999e+02,0.000000e+00
2.275399e-14,3.000000e+01,3.808719e-06,4.972942e-11,9.251007e+02,0.000000e+00
2.494428e-14,3.000000e+01,3.973239e-06,5.187764e-11,9.251015e+02,0.000000e+00
2.734541e-14,3.000000e+01,4.153595e-06,5.423265e-11,9.251025e+02,0.000000e+00
2.997768e-14,3.000000e+01,4.351310e-06,5.681434e-11,9.251035e+02,0.000000e+00
3.286332e-14,3.000000e+01,4.568057e-06,5.964455e-11,9.251047e+02,0.000000e+00
3.602673e-14,3.000000e+01,4.805666e-06,6.274720e-11,9.251059e+02,0.000000e+00
3.949466e-14,3.000000e+01,5.066145e-06,6.614850e-11,9.251073e+02,0.000000e+00
4.329640e-14,3.000000e+01,5.351695e-06,6.987722e-11,9.251088e+02,0.000000e+00
4.746410e-14,3.000000e+01,5.664730e-06,7.396485e-11,9.251104e+02,0.000000e+00
5.203298e-14,3.000000e+01,6.007894e-06,7.844597e-11,9.251122e+02,0.000000e+00
5.704166e-14,3.000000e+01,6.384087e-06,8.335843e-11,9.251142e+02,0.000000e+00
6.253248e-14,3.000000e+01,6.796487e-06,8.874377e-11,9.251163e+02,0.000000e+00
6.855184e-14,3.000000e+01,7.248580e-06,9.464750e-11,9.251187e+02,0.000000e+00
7.515062e-14,3.000000e+01,7.744183e-06,1.011195e-10,9.251213e+02,0.000000e+00
8.238460e-14,3.000000e+01,8.287486e-06,1.082145e-10,9.251241e+02,0.000000e+00
9.031491e-14,3.000000e+01,8.883076e-06,1.159925e-10,9.251272e+02,0.000000e+00
9.900860e-14,3.000000e+01,9.535986e-06,1.245192e-10,9.251307e+02,0.000000e+00
1.085391e-13,3.000000e+01,1.025173e-05,1.338666e-10,9.251344e+02,0.000000e+00
1.189871e-13,3.000000e+01,1.103636e-05,1.441139e-10,9.251385e+02,0.000000e+00
1.304408e-13,3.000000e+01,1.189649e-05,1.553475e-10,9.251430e+02,0.000000e+00
1.429969e-13,3.000000e+01,1.283939e-05,1.676625e-10,9.251479e+02,0.000000e+00
1.567618e-13,3.000000e+01,1.387303e-05,1.811629e-10,9.251534e+02,0.000000e+00
1.718516e-13,3.000000e+01,1.500613e-05,1.959629e-10,9.251593e+02,0.000000e+00
1.883940e-13,3.000000e+01,1.624826e-05,2.121875e-10,9.251658e+02,0.000000e+00
2.065288e-13,3.000000e+01,1.760990e-05,2.299739e-10,9.251729e+02,0.000000e+00
2.264092e-13,3.000000e+01,1.910255e-05,2.494724e-10,9.251807e+02,0.000000e+00
2.482033e-13,3.000000e+01,2.073882e-05,2.708478e-10,9.251893e+02,0.000000e+00
2.720953e-13,3.000000e+01,2.253249e-05,2.942809e-10,9.251987e+02,0.000000e+00
2.982871e-13,3.000000e+01,2.449872e-05,3.199695e-10,9.252090e+02,0.000000e+00
3.270001e-13,3.000000e+01,2.665409e-05,3.481310e-10,9.252203e+02,0.000000e+00
3.584770e-13,3.000000e+01,2.901678e-05,3.790033e-10,9.252326e+02,0.000000e+00
3.929839e-13,3.000000e+01,3.160671e-05,4.128473e-10,9.252462e+02,0.000000e+00
4.308125e-13,3.000000e+01,3.444573e-05,4.499491e-10,9.252611e+02,0.000000e+00
4.722824e-13,3.000000e+01,3.755776e-05,4.906224e-10,9.252774e+02,0.000000e+00
5.177441e-13,3.000000e+01,4.096903e-05,5.352108e-10,9.252952e+02,0.000000e+00
5.675820e-13,3.000000e+01,4.470827e-05,5.840914e-10,9.253148e+02,0.000000e+00
6.222173e-13,3.000000e+01,4.880699e-05,6.376771e-10,9.253363e+02,0.000000e+00
6.821118e-13,3.000000e+01,5.329969e-05,6.964210e-10,9.253598e+02,0.000000e+00
7.477717e-13,3.000000e+01,5.822418e-05,7.608196e-10,9.253856e+02,0.000000e+00
8.197520e-13,3.000000e+01,6.362189e-05,8.314171e-10,9.254139e+02,0.000000e+00
8.986611e-13,3.000000e+01,6.953820e-05,9.088104e-10,9.254449e+02,0.000000e+00
9.851660e-13,3.000000e+01,7.602285e-05,9.936535e-10,9.254789e+02,0.000000e+00
1.079998e-12,3.000000e+01,8.313030e-05,1.086664e-09,9.255162e+02,0.000000e+00
1.183958e-12,3.000000e+01,9.092022e-05,1.188627e-09,9.255571e+02,0.000000e+00
1.297926e-12,3.000000e+01,9.945797e-05,1.300405e-09,9.256019e+02,0.000000e+00
1.422863e-12,3.000000e+01,1.088151e-04,1.422943e-09,9.256510e+02,0.000000e+00
1.559828e-12,3.000000e+01,1.190701e-04,1.557276e-09,9.257048e+02,0.000000e+00
1.709977e-12,3.000000e+01,1.303086e-04,1.704541e-09,9.257638e+02,0.000000e+00
1.874578e-12,3.000000e+01,1.426248e-04,1.865980e-09,9.258285e+02,0.000000e+00
2.055025e-12,3.000000e+01,1.561214e-04,2.042960e-09,9.258994e+02,0.000000e+00
2.252841e-12,3.000000e+01,1.709111e-04,2.236977e-09,9.259772e+02,0.000000e+00
2.469699e-12,3.000000e+01,1.871171e-04,2.449669e-09,9.260624e+02,0.000000e+00
2.707431e-12,3.000000e+01,2.048743e-04,2.682834e-09,9.261559e+02,0.000000e+00
2.968048e-12,3.000000e+01,2.243302e-04,2.938444e-09,9.262583e+02,0.000000e+00
3.253751e-12,3.000000e+01,2.456463e-04,3.218660e-09,9.263706e+02,0.000000e+00
3.566957e-12,3.000000e+01,2.689990e-04,3.525848e-09,9.264937e+02,0.000000e+00
3.910311e-12,3.000000e+01,2.945814e-04,3.862607e-09,9.266286e+02,0.000000e+00
4.286716e-12,3.000000e+01,3.226043e-04,4.231781e-09,9.267766e+02,0.000000e+00
4.699354e-12,3.000000e+01,3.523927e-04,4.623184e-09,9.269092e+02,0.000000e+00
5.151713e-12,3.000000e+01,3.841092e-04,5.041490e-09,9.270307e+02,0.000000e+00
5.647615e-12,3.000000e+01,4.188468e-04,5.500062e-09,9.271638e+02,0.000000e+00
6.191253e-12,3.000000e+01,4.568901e-04,6.002777e-09,9.273098e+02,0.000000e+00
6.787222e-12,3.000000e+01,4.985494e-04,6.553882e-09,9.274698e+02,0.000000e+00
7.440558e-12,3.000000e+01,5.441639e-04,7.158037e-09,9.276453e+02,0.000000e+00
8.156784e-12,3.000000e+01,5.941031e-04,7.820347e-09,9.278376e+02,0.000000e+00
8.941954e-12,3.000000e+01,6.487702e-04,8.546411e-09,9.280484e+02,0.000000e+00
9.802703e-12,3.000000e+01,7.086046e-04,9.342366e-09,9.282795e+02,0.000000e+00
1.074631e-11,3.000000e+01,7.740847e-04,1.021494e-08,9.285329e+02,0.000000e+00
1.178075e-11,3.000000e+01,8.346028e-04,1.099163e-08,9.286405e+02,0.000000e+00
1.291476e-11,3.000000e+01,8.941782e-04,1.178358e-08,9.287021e+02,0.000000e+00
1.415793e-11,3.000000e+01,9.594029e-04,1.265177e-08,9.287697e+02,0.000000e+00
1.552077e-11,3.000000e+01,1.030804e-03,1.360352e-08,9.288438e+02,0.000000e+00
1.701479e-11,3.000000e+01,1.108955e-03,1.464690e-08,9.289250e+02,0.000000e+00
1.865263e-11,3.000000e+01,1.194481e-03,1.579070e-08,9.290140e+02,0.000000e+00
2.044813e-11,3.000000e+01,1.288064e-03,1.704461e-08,9.291117e+02,0.000000e+00
2.241646e-11,3.000000e+01,1.390444e-03,1.841922e-08,9.292187e+02,0.000000e+00
2.457426e-11,3.000000e+01,1.502425e-03,1.992616e-08,9.293360e+02,0.000000e+00
2.693977e-11,3.000000e+01,1.624881e-03,2.157814e-08,9.294645e+02,0.000000e+00
2.953299e-11,3.000000e+01,1.758762e-03,2.338915e-08,9.296055e+02,0.000000e+00
3.237582e-11,3.000000e+01,1.905095e-03,2.537448e-08,9.297601e+02,0.000000e+00
3.549231e-11,3.000000e+01,2.064994e-03,2.755093e-08,9.299295e+02,0.000000e+00
3.890879e-11,3.000000e+01,2.239662e-03,2.993687e-08,9.301152e+02,0.000000e+00
4.265414e-11,3.000000e+01,2.430399e-03,3.255249e-08,9.303188e+02,0.000000e+00
4.676002e-11,3.000000e+01,2.612495e-03,3.482716e-08,9.303872e+02,0.000000e+00
5.126112e-11,3.000000e+01,2.787926e-03,3.721865e-08,9.304355e+02,0.000000e+00
5.619551e-11,3.000000e+01,2.979672e-03,3.984034e-08,9.304884e+02,0.000000e+00
6.160487e-11,3.000000e+01,3.189191e-03,4.271439e-08,9.305465e+02,0.000000e+00
6.753494e-11,3.000000e+01,3.418060e-03,4.586510e-08,9.306101e+02,0.000000e+00
7.403583e-11,3.000000e+01,3.667982e-03,4.931910e-08,9.306798e+02,0.000000e+00
8.116250e-11,3.000000e+01,3.940792e-03,5.310557e-08,9.307563e+02,0.000000e+00
8.897518e-11,3.000000e+01,4.238467e-03,5.725653e-08,9.308401e+02,0.000000e+00
9.753991e-11,3.000000e+01,4.563131e-03,6.180707e-08,9.309320e+02,0.000000e+00
1.069291e-10,3.000000e+01,4.917060e-03,6.679563e-08,9.310327e+02,0.000000e+00
1.172220e-10,3.000000e+01,5.302690e-03,7.226440e-08,9.311432e+02,0.000000e+00
1.285058e-10,3.000000e+01,5.722620e-03,7.825958e-08,9.312642e+02,0.000000e+00
1.408757e-10,3.000000e+01,6.179619e-03,8.483186e-08,9.313969e+02,0.000000e+00
1.544364e-10,3.000000e+01,6.676618e-03,9.203679e-08,9.315424e+02,0.000000e+00
1.693024e-10,3.000000e+01,7.216723e-03,9.993526e-08,9.317019e+02,0.000000e+00
1.855994e-10,3.000000e+01,7.803198e-03,1.085940e-07,9.318768e+02,0.000000e+00
2.034651e-10,3.000000e+01,8.439469e-03,1.180863e-07,9.320685e+02,0.000000e+00
2.230506e-10,3.000000e+01,9.117843e-03,1.269531e-07,9.321789e+02,0.000000e+00
2.445214e-10,3.000000e+01,9.776647e-03,1.363648e-07,9.322801e+02,0.000000e+00
2.680590e-10,3.000000e+01,1.046545e-02,1.466825e-07,9.323910e+02,0.000000e+00
2.938623e-10,3.000000e+01,1.121290e-02,1.579933e-07,9.325125e+02,0.000000e+00
3.221494e-10,3.000000e+01,1.202323e-02,1.703930e-07,9.326458e+02,0.000000e+00
3.531594e-10,3.000000e+01,1.290085e-02,1.839862e-07,9.327919e+02,0.000000e+00
3.871544e-10,3.000000e+01,1.385031e-02,1.988879e-07,9.329520e+02,0.000000e+00
4.244218e-10,3.000000e+01,1.487626e-02,2.152240e-07,9.331276e+02,0.000000e+00
4.652765e-10,3.000000e+01,1.598344e-02,2.331326e-07,9.333201e+02,0.000000e+00
5.100639e-10,3.000000e+01,1.717661e-02,2.527651e-07,9.335310e+02,0.000000e+00
5.591625e-10,3.000000e+01,1.846051e-02,2.742875e-07,9.337623e+02,0.000000e+00
6.129873e-10,3.000000e+01,1.980183e-02,3.200739e-07,9.338907e+02,0.000000e+00
6.719933e-10,3.000000e+01,2.128149e-02,3.837525e-07,9.339553e+02,0.000000e+00
7.366792e-10,3.000000e+01,2.298003e-02,4.535607e-07,9.340262e+02,0.000000e+00
8.075918e-10,3.000000e+01,2.482170e-02,5.300886e-07,9.341038e+02,0.000000e+00
8.853303e-10,3.000000e+01,2.672688e-02,6.139831e-07,9.341890e+02,0.000000e+00
9.705520e-10,3.000000e+01,2.863472e-02,7.059532e-07,9.342823e+02,0.000000e+00
1.063977e-09,3.000000e+01,3.050239e-02,8.067764e-07,9.343846e+02,0.000000e+00
1.166395e-09,3.000000e+01,3.230086e-02,9.173048e-07,9.344968e+02,0.000000e+00
1.278672e-09,3.000000e+01,3.401101e-02,1.038473e-06,9.346197e+02,0.000000e+00
1.401757e-09,3.000000e+01,3.562079e-02,1.171304e-06,9.347545e+02,0.000000e+00
1.536689e-09,3.000000e+01,3.712312e-02,1.316922e-06,9.349023e+02,0.000000e+00
1.684611e-09,3.000000e+01,3.851445e-02,1.476556e-06,9.350643e+02,0.000000e+00
1.846771e-09,3.000000e+01,3.979378e-02,1.651558e-06,9.352419e+02,0.000000e+00
2.024540e-09,3.000000e+01,4.096193e-02,1.843405e-06,9.354366e+02,0.000000e+00
2.219422e-09,3.000000e+01,4.202208e-02,2.048796e-06,9.356307e+02,0.000000e+00
2.433063e-09,3.000000e+01,4.301019e-02,2.254011e-06,9.357650e+02,0.000000e+00
2.667269e-09,3.000000e+01,4.393823e-02,2.478981e-06,9.359123e+02,0.000000e+00
2.924020e-09,3.000000e+01,4.480046e-02,2.725605e-06,9.360738e+02,0.000000e+00
3.205485e-09,3.000000e+01,4.559281e-02,2.995971e-06,9.362507e+02,0.000000e+00
3.514044e-09,3.000000e+01,4.631281e-02,3.292361e-06,9.364448e+02,0.000000e+00
3.852305e-09,3.000000e+01,4.695937e-02,3.617282e-06,9.366575e+02,0.000000e+00
4.223127e-09,3.000000e+01,4.753247e-02,3.973479e-06,9.368907e+02,0.000000e+00
4.629644e-09,3.000000e+01,4.803297e-02,4.363964e-06,9.371463e+02,0.000000e+00
5.075292e-09,3.000000e+01,4.846247e-02,4.792037e-06,9.374265e+02,0.000000e+00
5.563838e-09,3.000000e+01,4.882308e-02,5.261316e-06,9.377337e+02,0.000000e+00
6.099412e-09,3.000000e+01,4.911737e-02,5.775768e-06,9.380705e+02,0.000000e+00
6.686540e-09,3.000000e+01,4.934826e-02,6.339741e-06,9.384397e+02,0.000000e+00
7.330184e-09,3.000000e+01,4.951889e-02,6.958002e-06,9.388444e+02,0.000000e+00
8.035786e-09,3.000000e+01,4.963257e-02,7.635777e-06,9.392881e+02,0.000000e+00
8.809308e-09,3.000000e+01,4.969276e-02,8.378795e-06,9.397745e+02,0.000000e+00
9.657290e-09,3.000000e+01,4.970294e-02,9.193336e-06,9.403078e+02,0.000000e+00
1.058690e-08,3.000000e+01,4.966664e-02,1.007550e-05,9.408751e+02,0.000000e+00
1.160599e-08,3.000000e+01,4.959257e-02,1.084011e-05,9.411728e+02,0.000000e+00
1.272318e-08,3.000000e+01,4.949486e-02,1.167832e-05,9.414993e+02,0.000000e+00
1.394791e-08,3.000000e+01,4.937861e-02,1.259722e-05,9.418572e+02,0.000000e+00
1.529053e-08,3.000000e+01,4.924570e-02,1.360457e-05,9.422495e+02,0.000000e+00
1.676239e-08,3.000000e+01,4.909666e-02,1.463233e-05,9.426203e+02,0.000000e+00
1.837594e-08,3.000000e+01,4.893457e-02,1.530941e-05,9.426790e+02,0.000000e+00
2.014480e-08,3.000000e+01,4.877926e-02,1.605166e-05,9.427433e+02,0.000000e+00
2.208393e-08,3.000000e+01,4.864386e-02,1.686536e-05,9.428138e+02,0.000000e+00
2.420972e-08,3.000000e+01,4.853576e-02,1.775739e-05,9.428912e+02,0.000000e+00
2.654015e-08,3.000000e+01,4.845871e-02,1.873529e-05,9.429759e+02,0.000000e+00
2.909489e-08,3.000000e+01,4.841364e-02,1.980732e-05,9.430688e+02,0.000000e+00
3.189556e-08,3.000000e+01,4.839930e-02,2.098254e-05,9.431707e+02,0.000000e+00
3.496582e-08,3.000000e+01,4.841270e-02,2.227089e-05,9.432823e+02,0.000000e+00
3.833162e-08,3.000000e+01,4.844962e-02,2.368325e-05,9.434047e+02,0.000000e+00
4.202141e-08,3.000000e+01,4.850494e-02,2.523157e-05,9.435389e+02,0.000000e+00
4.606638e-08,3.000000e+01,4.857308e-02,2.692892e-05,9.436860e+02,0.000000e+00
5.050071e-08,3.000000e+01,4.864825e-02,2.878967e-05,9.438472e+02,0.000000e+00
5.536190e-08,3.000000e+01,4.872474e-02,3.082953e-05,9.440240e+02,0.000000e+00
6.069102e-08,3.000000e+01,4.879712e-02,3.306575e-05,9.442178e+02,0.000000e+00
6.653312e-08,3.000000e+01,4.886154e-02,3.510225e-05,9.444051e+02,0.000000e+00
7.293758e-08,3.000000e+01,4.894623e-02,3.633739e-05,9.445499e+02,0.000000e+00
7.995853e-08,3.000000e+01,4.908437e-02,3.769142e-05,9.447087e+02,0.000000e+00
8.765532e-08,3.000000e+01,4.929300e-02,3.917579e-05,9.448827e+02,0.000000e+00
9.609300e-08,3.000000e+01,4.958311e-02,4.080305e-05,9.450735e+02,0.000000e+00
1.053429e-07,3.000000e+01,4.996106e-02,4.258694e-05,9.452827e+02,0.000000e+00
1.154832e-07,3.000000e+01,5.042920e-02,4.454255e-05,9.455120e+02,0.000000e+00
1.265995e-07,3.000000e+01,5.097875e-02,4.668641e-05,9.457634e+02,0.000000e+00
1.387860e-07,3.000000e+01,5.159881e-02,4.903664e-05,9.460390e+02,0.000000e+00
1.521455e-07,3.000000e+01,5.230275e-02,5.092200e-05,9.462831e+02,0.000000e+00
1.667910e-07,3.000000e+01,5.314413e-02,5.273144e-05,9.465291e+02,0.000000e+00
1.828462e-07,3.000000e+01,5.414117e-02,5.471506e-05,9.467988e+02,0.000000e+00
2.004469e-07,3.000000e+01,5.530300e-02,5.688962e-05,9.470945e+02,0.000000e+00
2.197419e-07,3.000000e+01,5.663293e-02,5.927351e-05,9.474186e+02,0.000000e+00
2.408942e-07,3.000000e+01,5.812879e-02,6.188687e-05,9.477739e+02,0.000000e+00
2.640826e-07,3.000000e+01,5.980781e-02,6.417310e-05,9.481086e+02,0.000000e+00
2.895031e-07,3.000000e+01,6.173133e-02,6.647917e-05,9.484564e+02,0.000000e+00
3.173706e-07,3.000000e+01,6.390675e-02,6.900723e-05,9.488377e+02,0.000000e+00
3.479206e-07,3.000000e+01,6.632937e-02,7.177863e-05,9.492557e+02,0.000000e+00
3.814113e-07,3.000000e+01,6.897178e-02,7.469486e-05,9.497004e+02,0.000000e+00
4.181259e-07,3.000000e+01,7.188694e-02,7.737897e-05,9.501311e+02,0.000000e+00
4.583746e-07,3.000000e+01,7.510898e-02,8.032145e-05,9.506032e+02,0.000000e+00
5.024976e-07,3.000000e+01,7.863097e-02,8.354718e-05,9.511208e+02,0.000000e+00
5.508679e-07,3.000000e+01,8.244679e-02,8.677174e-05,9.516500e+02,0.000000e+00
6.038943e-07,3.000000e+01,8.660628e-02,9.003702e-05,9.521972e+02,0.000000e+00
6.620250e-07,3.000000e+01,9.110839e-02,9.361662e-05,9.527971e+02,0.000000e+00
7.257513e-07,3.000000e+01,9.594045e-02,9.728802e-05,9.534240e+02,0.000000e+00
7.956119e-07,3.000000e+01,1.011510e-01,1.010408e-04,9.540781e+02,0.000000e+00
8.721973e-07,3.000000e+01,1.067219e-01,1.051549e-04,9.547951e+02,0.000000e+00
9.561548e-07,3.000000e+01,1.126567e-01,1.092215e-04,9.555270e+02,0.000000e+00
1.048194e-06,3.000000e+01,1.189794e-01,1.136249e-04,9.563226e+02,0.000000e+00
1.149093e-06,3.000000e+01,1.256737e-01,1.181050e-04,9.571512e+02,0.000000e+00
1.259704e-06,3.000000e+01,1.327856e-01,1.228128e-04,9.580340e+02,0.000000e+00
1.380963e-06,3.000000e+01,1.403099e-01,1.275476e-04,9.589461e+02,0.000000e+00
1.513894e-06,3.000000e+01,1.483166e-01,1.324803e-04,9.599122e+02,0.000000e+00
1.659621e-06,2.770500e+01,1.568031e-01,1.375436e-04,9.609271e+02,0.000000e+00
1.819376e-06,2.549500e+01,1.657913e-01,1.429447e-04,9.620205e+02,0.000000e+00
1.994508e-06,2.372500e+01,1.752939e-01,1.484910e-04,9.631711e+02,0.000000e+00
2.186499e-06,2.227500e+01,1.853212e-01,1.542292e-04,9.643686e+02,0.000000e+00
2.396971e-06,2.107500e+01,1.959186e-01,1.602315e-04,9.656316e+02,0.000000e+00
2.627703e-06,2.006000e+01,2.070972e-01,1.665011e-04,9.669756e+02,0.000000e+00
2.880645e-06,1.920000e+01,2.188702e-01,1.729477e-04,9.683947e+02,0.000000e+00
3.157935e-06,1.846500e+01,2.312856e-01,1.794679e-04,9.698871e+02,0.000000e+00
3.461917e-06,1.782000e+01,2.444217e-01,1.862375e-04,9.714791e+02,0.000000e+00
3.795160e-06,1.726000e+01,2.582865e-01,1.931594e-04,9.731590e+02,0.000000e+00
4.160481e-06,1.677000e+01,2.729847e-01,2.001847e-04,9.749254e+02,0.000000e+00
4.560968e-06,1.633500e+01,2.885390e-01,2.074137e-04,9.767988e+02,0.000000e+00
5.000005e-06,1.595000e+01,3.050356e-01,2.147998e-04,9.787831e+02,0.000000e+00
5.481304e-06,1.560500e+01,3.225233e-01,2.222694e-04,9.808840e+02,0.000000e+00
6.008933e-06,1.530000e+01,3.410814e-01,2.300175e-04,9.831314e+02,0.000000e+00
6.587351e-06,1.502500e+01,3.607867e-01,2.377763e-04,9.854964e+02,0.000000e+00
7.221448e-06,1.478000e+01,3.816842e-01,2.457134e-04,9.880071e+02,0.000000e+00
7.916583e-06,1.456000e+01,4.038839e-01,2.538650e-04,9.906801e+02,0.000000e+00
8.678631e-06,1.436000e+01,4.274351e-01,2.621402e-04,9.935143e+02,0.000000e+00
9.514033e-06,1.419000e+01,4.523918e-01,2.706526e-04,9.965340e+02,0.000000e+00
1.042985e-05,1.404000e+01,4.788529e-01,2.793721e-04,9.997456e+02,0.000000e+00
1.143383e-05,1.390500e+01,5.068499e-01,2.881797e-04,1.003143e+03,0.000000e+00
1.253444e-05,1.378500e+01,5.364483e-01,2.973097e-04,1.006777e+03,0.000000e+00
1.374101e-05,1.368000e+01,5.677173e-01,3.067042e-04,1.010655e+03,0.000000e+00
1.506371e-05,1.359000e+01,6.006903e-01,3.161125e-04,1.014741e+03,0.000000e+00
1.651374e-05,1.351000e+01,6.354132e-01,3.258802e-04,1.019115e+03,0.000000e+00
1.810335e-05,1.344000e+01,6.719160e-01,3.359923e-04,1.023795e+03,0.000000e+00
1.984597e-05,1.338000e+01,7.102252e-01,3.462806e-04,1.028754e+03,0.000000e+00
2.175634e-05,1.333000e+01,7.503397e-01,3.568217e-04,1.034035e+03,0.000000e+00
2.385060e-05,1.328500e+01,7.922559e-01,3.677046e-04,1.039668e+03,0.000000e+00
2.614645e-05,1.325000e+01,8.359616e-01,3.789500e-04,1.045680e+03,0.000000e+00
2.866330e-05,1.321500e+01,8.814239e-01,3.905590e-04,1.052096e+03,0.000000e+00
3.142242e-05,1.319000e+01,9.285959e-01,4.024778e-04,1.058922e+03,0.000000e+00
3.444713e-05,1.316500e+01,9.774075e-01,4.147634e-04,1.066195e+03,0.000000e+00
3.776300e-05,1.314500e+01,1.027775e+00,4.274533e-04,1.073944e+03,0.000000e+00
4.139806e-05,1.313000e+01,1.079594e+00,4.406044e-04,1.082214e+03,0.000000e+00
4.538303e-05,1.311500e+01,1.132740e+00,4.542293e-04,1.091032e+03,0.000000e+00
4.975159e-05,1.310000e+01,1.187072e+00,4.683631e-04,1.100437e+03,0.000000e+00
5.454066e-05,1.308500e+01,1.242428e+00,4.830379e-04,1.110464e+03,0.000000e+00
5.979073e-05,1.307000e+01,1.298629e+00,4.982999e-04,1.121154e+03,0.000000e+00
6.554617e-05,1.305500e+01,1.355473e+00,5.142014e-04,1.132558e+03,0.000000e+00
7.185562e-05,1.304000e+01,1.412742e+00,5.307906e-04,1.144713e+03,0.000000e+00
7.877242e-05,1.302500e+01,1.470205e+00,5.481341e-04,1.157677e+03,0.000000e+00
8.635504e-05,1.300500e+01,1.527618e+00,5.662559e-04,1.171481e+03,0.000000e+00
9.466755e-05,1.298500e+01,1.584726e+00,5.852128e-04,1.186171e+03,0.000000e+00
1.037802e-04,1.296000e+01,1.641270e+00,6.051528e-04,1.201834e+03,0.000000e+00
1.137701e-04,1.293000e+01,1.696979e+00,6.261750e-04,1.218540e+03,0.000000e+00
1.247216e-04,1.290000e+01,1.751586e+00,6.482863e-04,1.236302e+03,0.000000e+00
1.367272e-04,1.286500e+01,1.804829e+00,6.716505e-04,1.255211e+03,0.000000e+00
1.498885e-04,1.282500e+01,1.856446e+00,6.964082e-04,1.275355e+03,0.000000e+00
1.643168e-04,1.278500e+01,1.906192e+00,7.226166e-04,1.296755e+03,0.000000e+00
1.801339e-04,1.273500e+01,1.953831e+00,7.504829e-04,1.319526e+03,0.000000e+00
1.974735e-04,1.268500e+01,1.999148e+00,7.801634e-04,1.343750e+03,0.000000e+00
2.164822e-04,1.262500e+01,2.041943e+00,8.117697e-04,1.369444e+03,0.000000e+00
2.373208e-04,1.258500e+01,2.046396e+00,1.408946e-03,1.389344e+03,2.000000e+00
2.601652e-04,1.251500e+01,2.035682e+00,1.455826e-03,1.409016e+03,2.000000e+00
2.852086e-04,1.242500e+01,2.021876e+00,1.505532e-03,1.429874e+03,2.000000e+00
3.126627e-04,1.232000e+01,2.006463e+00,1.558240e-03,1.451980e+03,2.000000e+00
3.427595e-04,1.220500e+01,1.990267e+00,1.614099e-03,1.475381e+03,2.000000e+00
3.757535e-04,1.207500e+01,1.973813e+00,1.673294e-03,1.500138e+03,2.000000e+00
4.119234e-04,1.194000e+01,1.957472e+00,1.736002e-03,1.526304e+03,2.000000e+00
4.515750e-04,1.179500e+01,1.941480e+00,1.802442e-03,1.553951e+03,2.000000e+00
4.950435e-04,1.164500e+01,1.926001e+00,1.872783e-03,1.583122e+03,2.000000e+00
5.426963e-04,1.149500e+01,1.911123e+00,1.947271e-03,1.613893e+03,2.000000e+00
5.949361e-04,1.133500e+01,1.896890e+00,2.026120e-03,1.646320e+03,2.000000e+00
6.522045e-04,1.118000e+01,1.883286e+00,2.109597e-03,1.680480e+03,2.000000e+00
7.149855e-04,1.102000e+01,1.870291e+00,2.197935e-03,1.716430e+03,2.000000e+00
7.838098e-04,1.086000e+01,1.857835e+00,2.291418e-03,1.754244e+03,2.000000e+00
8.592591e-04,1.070500e+01,1.845822e+00,2.390352e-03,1.794000e+03,2.000000e+00
