muB,pressure,epsilon,eos
786.0,3.026585e-06,0.000306583,v0.00d1.70
788.0200400801602,3.8140952685370437e-06,0.00030989943446893775,v0.00d1.70
790.0400801603207,4.601605537074154e-06,0.0003132158689378758,v0.00d1.70
792.060120240481,5.389795164328632e-06,0.0003165246871743486,v0.00d1.70
794.0801603206413,6.200131885771554e-06,0.000319585216232465,v0.00d1.70
796.1002004008016,7.010468607214409e-06,0.0003226457452905811,v0.00d1.70
798.1202404809619,7.822071581162343e-06,0.0003256957913827656,v0.00d1.70
800.1402805611222,8.653681344689364e-06,0.0003285802066132264,v0.00d1.70
802.1603206412826,9.485291108216456e-06,0.00033146462184368745,v0.00d1.70
804.1803607214429,1.0318681362725442e-05,0.000334337629258517,v0.00d1.70
806.2004008016033,1.1170232625250532e-05,0.0003370942769539079,v0.00d1.70
808.2204408817636,1.2021783887775548e-05,0.00033985092464929864,v0.00d1.70
810.2404809619239,1.2875607695390819e-05,0.0003425966424849701,v0.00d1.70
812.2605210420842,1.3746248336673349e-05,0.0003452614793587174,v0.00d1.70
814.2805611222444,1.461688897795588e-05,0.0003479263162324649,v0.00d1.70
816.3006012024048,1.549026258517035e-05,0.00035058153887775555,v0.00d1.70
818.320641282565,1.6379268757515005e-05,0.00035318176813627246,v0.00d1.70
820.3406813627255,1.7268274929859736e-05,0.0003557819973947897,v0.00d1.70
822.3607214428857,1.8160554048096175e-05,0.00035837367154308616,v0.00d1.70
824.3807615230462,1.9067888717434892e-05,0.00036092599218436885,v0.00d1.70
826.4008016032064,1.9975223386773534e-05,0.00036347831282565127,v0.00d1.70
828.4208416833668,2.0886051042084197e-05,0.00036602417354709423,v0.00d1.70
830.440881763527,2.1810152044088172e-05,0.00036854548657314627,v0.00d1.70
832.4609218436873,2.2734253046092143e-05,0.0003710667995991983,v0.00d1.70
834.4809619238476,2.3662546432865737e-05,0.0003735830705410822,v0.00d1.70
836.5010020040079,2.4604255450901768e-05,0.00037608320681362713,v0.00d1.70
838.5210420841684,2.5545964468937888e-05,0.00037858334308617236,v0.00d1.70
840.5410821643286,2.6492231202404782e-05,0.00038108037715430855,v0.00d1.70
842.5611222444891,2.7450955691382785e-05,0.0003835689318637275,v0.00d1.70
844.5811623246493,2.8409680180360703e-05,0.00038605748657314623,v0.00d1.70
846.6012024048097,2.9373478817635296e-05,0.00038854475871743485,v0.00d1.70
848.6212424849699,3.0349252444889767e-05,0.000391029004008016,v0.00d1.70
850.6412825651303,3.1325026072144324e-05,0.0003935132492985973,v0.00d1.70
852.6613226452905,3.230613436873747e-05,0.0003959982440881763,v0.00d1.70
854.681362725451,3.329820298597198e-05,0.00039848477875751513,v0.00d1.70
856.7014028056112,3.4290271603206416e-05,0.0004009713134268537,v0.00d1.70
858.7214428857715,3.528838591182361e-05,0.0004034602288577153,v0.00d1.70
860.7414829659319,3.6297382464929866e-05,0.00040595342965931867,v0.00d1.70
862.7615230460922,3.7306379018036044e-05,0.0004084466304609217,v0.00d1.70
864.7815631262525,3.8321766152304625e-05,0.0004109441819639278,v0.00d1.70
866.8016032064128,3.9347279899799574e-05,0.00041344862765531055,v0.00d1.70
868.8216432865731,4.037279364729461e-05,0.0004159530733466934,v0.00d1.70
870.8416833667334,4.1405221823647274e-05,0.0004184636212424849,v0.00d1.70
872.8617234468938,4.244733020040083e-05,0.000420982712224449,v0.00d1.70
874.8817635270541,4.3489438577154306e-05,0.00042350180320641285,v0.00d1.70
876.9018036072146,4.4538982324649344e-05,0.0004260288601202406,v0.00d1.70
878.9218436873748,4.559774593186373e-05,0.00042856579478957915,v0.00d1.70
880.9418837675352,4.6656509539078196e-05,0.00043110272945891796,v0.00d1.70
882.9619238476954,4.772311923847696e-05,0.000433649475751503,v0.00d1.70
884.9819639278556,4.8798359639278525e-05,0.00043620701482965924,v0.00d1.70
887.002004008016,4.987360004008017e-05,0.00043876455390781574,v0.00d1.70
889.0220440881762,5.0957282525050074e-05,0.00044133386352705403,v0.00d1.70
891.0420841683367,5.204920845691385e-05,0.00044391466673346705,v0.00d1.70
893.062124248497,5.314113438877753e-05,0.0004464954699398797,v0.00d1.70
895.0821643286574,5.424199358717437e-05,0.0004490892050100201,v0.00d1.70
897.1022044088177,5.535059494989978e-05,0.00045169414769539074,v0.00d1.70
899.122244488978,5.645919631262529e-05,0.00045429909038076165,v0.00d1.70
901.1422845691383,5.757728054108216e-05,0.0004569193587174349,v0.00d1.70
903.1623246492985,5.8702651603206364e-05,0.00045955140360721426,v0.00d1.70
905.1823647294589,5.982802266533067e-05,0.00046218344849699395,v0.00d1.70
907.2024048096191,6.096343981963924e-05,0.0004648324072144287,v0.00d1.70
909.2224448897796,6.210568831663328e-05,0.0004674928673346694,v0.00d1.70
911.2424849699398,6.324793681362723e-05,0.0004701533274549097,v0.00d1.70
913.2625250501003,6.440057168336675e-05,0.00047283274649298604,v0.00d1.70
915.2825651302605,6.555943837675349e-05,0.00047552354088176347,v0.00d1.70
917.3026052104209,6.671830507014033e-05,0.0004782143352705411,v0.00d1.70
919.3226452905811,6.788840322645289e-05,0.0004809254543086172,v0.00d1.70
921.3426853707415,6.906442342685375e-05,0.00048364728997996,v0.00d1.70
923.3627254509017,7.02404436272545e-05,0.0004863691256513026,v0.00d1.70
925.3827655310622,7.142814819639283e-05,0.0004891147679358719,v0.00d1.70
927.4028056112224,7.262123773547094e-05,0.0004918713819639279,v0.00d1.70
929.4228456913827,7.381432727454905e-05,0.000494627995991984,v0.00d1.70
931.4428857715432,7.501959957915833e-05,0.0004974057482965932,v0.00d1.70
933.4629258517034,7.622974498997992e-05,0.0005001919559118236,v0.00d1.70
935.4829659318638,7.743989040080162e-05,0.0005029781635270542,v0.00d1.70
937.503006012024,7.866292408817633e-05,0.0005057918511022043,v0.00d1.70
939.5230460921844,7.989039134268539e-05,0.0005086149917835673,v0.00d1.70
941.5430861723446,8.111785859719436e-05,0.0005114381324649298,v0.00d1.70
943.5631262525051,8.235877394789583e-05,0.0005142885757515031,v0.00d1.70
945.5831663326653,8.360362028056112e-05,0.0005171469997995992,v0.00d1.70
947.6032064128256,8.484846661322641e-05,0.0005200054238476953,v0.00d1.70
949.623246492986,8.632102737474951e-05,0.0006019697627254508,v0.00d1.70
951.6432865731464,8.784925166332673e-05,0.0007032711030060167,v0.00d1.70
953.6633266533066,8.937747595190382e-05,0.0008045724432865738,v0.00d1.70
955.6833667334669,9.125501286573141e-05,0.0008263020200400801,v0.00d1.70
957.7034068136272,9.320241230460924e-05,0.0008321172440881764,v0.00d1.70
959.7234468937875,9.514981174348692e-05,0.0008379324681362725,v0.00d1.70
961.7434869739479,9.712872180360725e-05,0.0008437917442885773,v0.00d1.70
963.7635270541082,9.911263010020036e-05,0.0008496580080160321,v0.00d1.70
965.7835671342687,0.00010109653839679363,0.0008555242717434872,v0.00d1.70
967.8036072144289,0.0001031131280561122,0.0008614379102204408,v0.00d1.70
969.8236472945893,0.00010513363947895798,0.000867357233667335,v0.00d1.70
971.8436873747495,0.00010715415090180361,0.0008732765571142284,v0.00d1.70
973.8637274549097,0.00010920852004008008,0.000879246760320641,v0.00d1.70
975.8837675350701,0.00011126572885771545,0.0008852212308617235,v0.00d1.70
977.9038076152303,0.00011332293767535064,0.0008911957014028054,v0.00d1.70
979.9238476953908,0.00011541522464929863,0.0008972245206412827,v0.00d1.70
981.943887775551,0.00011750926553106207,0.0009032560573146291,v0.00d1.70
983.9639278557115,0.0001196033064128257,0.0009092875939879762,v0.00d1.70
985.9839679358718,0.00012173362084168333,0.0009153768310621241,v0.00d1.70
988.0040080160321,0.0001238645947895792,0.0009214671172344691,v0.00d1.70
990.0240480961924,0.00012599601042084164,0.0009275581232464929,v0.00d1.70
992.0440881763526,0.00012816408577154297,0.0009337088759519036,v0.00d1.70
994.064128256513,0.0001303321611222445,0.0009398596286573147,v0.00d1.70
996.0841683366734,0.00013250178937875763,0.0009460129695390783,v0.00d1.70
998.1042084168337,0.00013470713446893788,0.000952225838476954,v0.00d1.70
1000.1242484969939,0.00013691247955911818,0.0009584387074148294,v0.00d1.70
1002.1442885771544,0.00013912049398797597,0.0009646561238476955,v0.00d1.70
1004.1643286573146,0.00014136320981963924,0.0009709326577154306,v0.00d1.70
1006.184368737475,0.00014360592565130264,0.0009772091915831664,v0.00d1.70
1008.2044088176352,0.00014585244008016027,0.000983492321042084,v0.00d1.70
1010.2244488977956,0.00014813269498998,0.0009898340348697397,v0.00d1.70
1012.2444889779558,0.00015041294989979955,0.0009961757486973948,v0.00d1.70
1014.2645290581163,0.00015269814709418844,0.0010025261743486977,v0.00d1.70
1016.2845691382765,0.0001550161430861723,0.0010089344148296593,v0.00d1.70
1018.3046092184368,0.0001573341390781562,0.001015342655310621,v0.00d1.70
1020.3246492985973,0.00015965822765531064,0.001021761879759519,v0.00d1.70
1022.3446893787576,0.00016201413306613237,0.00102823846492986,v0.00d1.70
1024.3647294589177,0.00016437003847695394,0.0010347150501002003,v0.00d1.70
1026.3847695390782,0.00016673319038076147,0.0010412047815631259,v0.00d1.70
1028.4048096192384,0.00016912713987975956,0.0010477503847695392,v0.00d1.70
1030.4248496993987,0.00017152108937875746,0.0010542959879759517,v0.00d1.70
1032.4448897795592,0.0001739234695390782,0.0010608572364729462,v0.00d1.70
1034.4649298597194,0.00017635569879759515,0.001067473877755511,v0.00d1.70
1036.4849699398799,0.00017878792805611231,0.0010740905190380762,v0.00d1.70
1038.5050100200401,0.00018122976933867735,0.0010807250881763525,v0.00d1.70
1040.5250501002006,0.0001837004466933869,0.0010874134408817638,v0.00d1.70
1042.5450901803606,0.00018617112404809618,0.0010941017935871744,v0.00d1.70
1044.565130260521,0.00018865261422845682,0.0011008107735470938,v0.00d1.70
1046.5851703406813,0.00019116194168336675,0.001107572857715431,v0.00d1.70
1048.6052104208418,0.00019367126913827668,0.001114334941883768,v0.00d1.70
1050.625250501002,0.00019619262224448904,0.0011211199519038078,v0.00d1.70
1052.6452905811623,0.00019874080180360716,0.0011279561042084167,v0.00d1.70
1054.6653306613227,0.0002012889813627255,0.0011347922565130262,v0.00d1.70
1056.685370741483,0.00020385041142284566,0.0011416542244488978,v0.00d1.70
1058.7054108216435,0.00020643764509018045,0.00114856646492986,v0.00d1.70
1060.7254509018035,0.00020902487875751498,0.0011554787054108217,v0.00d1.70
1062.745490981964,0.00021162661222444876,0.001162419398797595,v0.00d1.70
1064.7655310621242,0.00021425313567134267,0.00116940873747495,v0.00d1.70
1066.7855711422847,0.00021687965911823662,0.0011763980761523049,v0.00d1.70
1068.805611222445,0.00021952191883767538,0.0011834184308617234,v0.00d1.70
1070.8256513026051,0.00022218790040080152,0.0011904855410821641,v0.00d1.70
1072.8456913827656,0.0002248538819639279,0.0011975526513026051,v0.00d1.70
1074.8657314629259,0.00022753688957915825,0.0012046539579158315,v0.00d1.70
1076.8857715430863,0.00023024259859719446,0.001211800859719439,v0.00d1.70
1078.9058116232463,0.0002329483076152304,0.0012189477615230458,v0.00d1.70
1080.9258517034068,0.00023567230220440888,0.0012261315430861725,v0.00d1.70
1082.945891783567,0.000238417907014028,0.001233358909819639,v0.00d1.70
1084.9659318637275,0.00024116351182364737,0.0012405862765531065,v0.00d1.70
1086.9859719438878,0.00024392872104208414,0.0012478534108216434,v0.00d1.70
1089.006012024048,0.0002467144909819638,0.0012551622525050097,v0.00d1.70
1091.0260521042085,0.0002495002609218437,0.0012624710941883768,v0.00d1.70
1093.0460921843687,0.000252306952705411,0.0012698230000000004,v0.00d1.70
1095.0661322645292,0.0002551331234468938,0.0012772150000000002,v0.00d1.70
1097.0861723446892,0.0002579592941883767,0.001284607,v0.00d1.70
1099.1062124248497,0.0002608076997995993,0.0012920449078156315,v0.00d1.70
1101.12625250501,0.0002636744733466933,0.0012995207394789576,v0.00d1.70
1103.1462925851704,0.00026654124689378766,0.0013069965711422849,v0.00d1.70
1105.1663326653306,0.0002694316192384769,0.0013145215831663326,v0.00d1.70
1107.186372745491,0.0002723392649298598,0.001322082593186373,v0.00d1.70
1109.2064128256513,0.00027524691062124246,0.0013296436032064127,v0.00d1.70
1111.2264529058116,0.0002781795146292586,0.0013372569418837678,v0.00d1.70
1113.246492985972,0.0002811282681362725,0.001344904140280561,v0.00d1.70
1115.266533066132,0.00028407702164328643,0.0013525513386773544,v0.00d1.70
1117.2865731462925,0.00028705210701402805,0.0013602540741482966,v0.00d1.70
1119.306613226453,0.0002900422040080162,0.0013679884709418841,v0.00d1.70
1121.3266533066133,0.00029303230100200407,0.0013757228677354712,v0.00d1.70
1123.3466933867735,0.0002960501174348697,0.0013835162945891784,v0.00d1.70
1125.366733466934,0.0002990817935871744,0.001391339236472946,v0.00d1.70
1127.3867735470942,0.00030211346973947894,0.0013991621783567133,v0.00d1.70
1129.4068136272545,0.0003051743138276554,0.001407047723446894,v0.00d1.70
1131.426853707415,0.00030824787214428853,0.0014149605571142285,v0.00d1.70
1133.446893787575,0.00031132143046092166,0.0014228733907815628,v0.00d1.70
1135.4669338677354,0.0003144255498997996,0.0014308519919839678,v0.00d1.70
1137.4869739478959,0.0003175411923847697,0.0014388553907815635,v0.00d1.70
1139.5070140280561,0.0003206568348697395,0.0014468587895791584,v0.00d1.70
1141.5270541082164,0.0003238044945891782,0.0014549316693386772,v0.00d1.70
1143.5470941883768,0.00032696249058116237,0.0014630269799599202,v0.00d1.70
1145.567134268537,0.0003301204865731462,0.0014711222905811623,v0.00d1.70
1147.5871743486973,0.0003333119983967936,0.001479290346693387,v0.00d1.70
1149.6072144288578,0.00033651265090180356,0.00148747824248497,v0.00d1.70
1151.627254509018,0.00033971330340681373,0.0014956661382765533,v0.00d1.70
1153.6472945891783,0.000342948906012024,0.0015039311823647295,v0.00d1.70
1155.6673346693387,0.00034619241703406824,0.001512213683366734,v0.00d1.70
1157.687374749499,0.00034943592805611226,0.0015204961843687376,v0.00d1.70
1159.7074148296592,0.0003527159208416832,0.001528858649298597,v0.00d1.70
1161.7274549098197,0.0003560025933867736,0.0015372357555110223,v0.00d1.70
1163.7474949899802,0.0003592892659318639,0.0015456128617234474,v0.00d1.70
1165.7675350701402,0.00036261396993987974,0.0015540745150300602,v0.00d1.70
1167.7875751503007,0.00036594410701402795,0.001562548246492986,v0.00d1.70
1169.807615230461,0.00036927424408817643,0.001571021977955912,v0.00d1.70
1171.8276553106214,0.0003726438889779561,0.0015795834368737482,v0.00d1.70
1173.8476953907816,0.00037601769258517045,0.0015881541302605214,v0.00d1.70
1175.8677354709419,0.00037939149619238473,0.0015967248236472946,v0.00d1.70
1177.887775551102,0.0003828064218436872,0.0016053877034068133,v0.00d1.70
1179.9078156312626,0.0003862242286573146,0.0016140570420841683,v0.00d1.70
1181.927855711423,0.000389642035470942,0.0016227263807615233,v0.00d1.70
1183.947895791583,0.0003931025012024049,0.0016314918156312625,v0.00d1.70
1185.9679358717435,0.0003965645468937875,0.0016402608096192383,v0.00d1.70
1187.9879759519038,0.00040002659258517044,0.0016490298036072144,v0.00d1.70
1190.0080160320642,0.0004035329150300603,0.0016578985290581166,v0.00d1.70
1192.0280561122245,0.0004070395026052105,0.0016667678517034068,v0.00d1.70
1194.0480961923847,0.0004105471579158316,0.0016756396032064124,v0.00d1.70
1196.0681362725452,0.0004140985903807616,0.0016846109378757517,v0.00d1.70
1198.0881763527054,0.00041765002284569136,0.00169358227254509,v0.00d1.70
1200.108216432866,0.0004212038721442887,0.0017025591262525054,v0.00d1.70
1202.128256513026,0.00042480041883767534,0.0017116334829659317,v0.00d1.70
1204.1482965931864,0.00042839696553106195,0.0017207078396793583,v0.00d1.70
1206.1683366733466,0.0004319972941883767,0.0017297908376753505,v0.00d1.70
1208.188376753507,0.0004356392244488979,0.0017389688897795597,v0.00d1.70
1210.2084168336673,0.0004392811547094188,0.0017481469418837677,v0.00d1.70
1212.2284569138276,0.0004429282519038075,0.001757336873747495,v0.00d1.70
1214.248496993988,0.000446615868737475,0.0017666199679358717,v0.00d1.70
1216.2685370741483,0.0004503034855711425,0.001775903062124249,v0.00d1.70
1218.2885771543088,0.0004539976771543087,0.0017852013547094189,v0.00d1.70
1220.3086172344688,0.0004577313172344689,0.0017945908376753505,v0.00d1.70
1222.3286573146293,0.00046146495731462907,0.001803980320641282,v0.00d1.70
1224.3486973947895,0.0004652065825651302,0.0018133882845691382,v0.00d1.70
1226.36873747495,0.00046898648156312636,0.0018228848296593188,v0.00d1.70
1228.3887775551102,0.00047276638056112217,0.001832381374749499,v0.00d1.70
1230.4088176352705,0.0004765557096192383,0.0018418998597194386,v0.00d1.70
1232.428857715431,0.0004803822042084168,0.0018515048136272547,v0.00d1.70
1234.4488977955912,0.00048420869879759544,0.0018611097675350708,v0.00d1.70
1236.4689378757516,0.00048804608056112234,0.001870740200400802,v0.00d1.70
1238.4889779559117,0.0004919194737474949,0.001880454909819639,v0.00d1.70
1240.5090180360721,0.0004957928669338678,0.001890169619238477,v0.00d1.70
1242.5290581162326,0.0004996786224448899,0.0018999132505010026,v0.00d1.70
1244.5490981963928,0.000503599217234469,0.0019097383887775553,v0.00d1.70
1246.569138276553,0.0005075198120240479,0.001919563527054108,v0.00d1.70
1248.5891783567133,0.000511454262324649,0.0019294213647294584,v0.00d1.70
1250.6092184368738,0.0005154223617234468,0.001939358615230461,v0.00d1.70
1252.629258517034,0.0005193904611222447,0.0019492958657314633,v0.00d1.70
1254.6492985971945,0.0005233739272545091,0.0019592692605210423,v0.00d1.70
1256.6693386773545,0.0005273898342685369,0.001969318959919839,v0.00d1.70
1258.689378757515,0.0005314057412825652,0.001979368659318637,v0.00d1.70
1260.7094188376755,0.0005354385561122247,0.001989458559118237,v0.00d1.70
1262.7294589178357,0.0005395026074148297,0.00199962272745491,v0.00d1.70
1264.749498997996,0.0005435666587174348,0.002009786895791583,v0.00d1.70
1266.7695390781564,0.0005476491533066133,0.0020199947995991987,v0.00d1.70
1268.7895791583167,0.0005517616182364729,0.002030273773547094,v0.00d1.70
1270.809619238477,0.0005558740831663328,0.00204055274749499,v0.00d1.70
1272.8296593186374,0.0005600065843687374,0.00205087956513026,v0.00d1.70
1274.8496993987974,0.0005641678332665329,0.0020612750280561117,v0.00d1.70
1276.8697394789579,0.0005683290821643287,0.0020716704909819637,v0.00d1.70
1278.8897795591183,0.0005725119378757518,0.002082117709418838,v0.00d1.70
1280.9098196392786,0.0005767222400801604,0.0020926306713426853,v0.00d1.70
1282.9298597194388,0.0005809325422845691,0.0021031436332665326,v0.00d1.70
1284.9498997995993,0.0005851660853707416,0.0021137121643286572,v0.00d1.70
1286.9699398797597,0.0005894258112224452,0.002124343298597195,v0.00d1.70
1288.9899799599198,0.0005936855370741484,0.0021349744328657315,v0.00d1.70
1291.0100200400802,0.000597970126252505,0.0021456656633266533,v0.00d1.70
1293.0300601202403,0.0006022795787575147,0.0021564169899799595,v0.00d1.70
1295.0501002004007,0.000606589031262525,0.0021671683166332666,v0.00d1.70
1297.0701402805612,0.0006109250054108218,0.00217798349498998,v0.00d1.70
1299.0901803607214,0.000615284521242485,0.0021888553507014028,v0.00d1.70
1301.1102204408817,0.0006196440370741481,0.0021997272064128255,v0.00d1.70
1303.1302605210421,0.0006240317340681363,0.002210667442885772,v0.00d1.70
1305.1503006012026,0.0006284416162324652,0.0022216615110220448,v0.00d1.70
1307.1703406813626,0.0006328514983967937,0.0022326555791583164,v0.00d1.70
1309.190380761523,0.0006372912591182364,0.002243722260521042,v0.00d1.70
1311.2104208416833,0.0006417518442885773,0.0022548395511022045,v0.00d1.70
1313.2304609218438,0.000646212429458918,0.0022659568416833675,v0.00d1.70
1315.250501002004,0.0006507046106212426,0.0022771510380761523,v0.00d1.70
1317.2705410821643,0.0006552162354709418,0.0022883925611222444,v0.00d1.70
1319.2905811623245,0.000659727860320641,0.0022996340841683364,v0.00d1.70
1321.310621242485,0.000664272840480962,0.0023109570841683366,v0.00d1.70
1323.3306613226455,0.0006688358753507016,0.002322324186372746,v0.00d1.70
1325.3507014028055,0.0006733989102204408,0.002333691288577154,v0.00d1.70
1327.370741482966,0.0006779970360721441,0.002345144290581162,v0.00d1.70
1329.3907815631262,0.0006826117839679359,0.0023566379819639277,v0.00d1.70
1331.4108216432867,0.0006872265318637276,0.0023681316733466943,v0.00d1.70
1333.430861723447,0.0006918781482965932,0.00237971574749499,v0.00d1.70
1335.4509018036072,0.0006965449458917834,0.002391337038076152,v0.00d1.70
1337.4709418837676,0.0007012117434869741,0.0024029583286573146,v0.00d1.70
1339.4909819639279,0.0007059172320641281,0.002414675042084168,v0.00d1.70
1341.5110220440883,0.000710636449699399,0.002426425615230461,v0.00d1.70
1343.5310621242484,0.0007153556673346693,0.0024381761883767532,v0.00d1.70
1345.5511022044088,0.0007201153687374747,0.0024500268076152296,v0.00d1.70
1347.571142284569,0.0007248873094188377,0.0024619076733466932,v0.00d1.70
1349.5911823647295,0.0007296592501002005,0.0024737885390781564,v0.00d1.70
1351.6112224448898,0.0007344735659318638,0.002485773865731463,v0.00d1.70
1353.63126252505,0.0007392986336673344,0.0024977856973947892,v0.00d1.70
1355.6513026052105,0.0007441237014028056,0.0025097975290581166,v0.00d1.70
1357.6713426853707,0.0007489929761523048,0.002521919390781564,v0.00d1.70
1359.6913827655312,0.0007538714739478958,0.0025340642084168336,v0.00d1.70
1361.7114228456912,0.0007587499717434868,0.002546209026052104,v0.00d1.70
1363.7314629258517,0.0007636745553106209,0.0025584681202404803,v0.00d1.70
1365.751503006012,0.0007686068198396792,0.002570746260521042,v0.00d1.70
1367.7715430861724,0.0007735390843687376,0.0025830244008016034,v0.00d1.70
1369.7915831663327,0.0007785193931863728,0.0025954225771543083,v0.00d1.70
1371.811623246493,0.0007835058284569136,0.0026078360601202396,v0.00d1.70
1373.8316633266534,0.000788492263727455,0.0026202495430861722,v0.00d1.70
1375.8517034068136,0.0007935286641282569,0.002632787398797596,v0.00d1.70
1377.871743486974,0.0007985696068136273,0.0026453365611222445,v0.00d1.70
1379.891783567134,0.0008036105494989978,0.0026578857234468936,v0.00d1.70
1381.9118236472946,0.0008087033981963929,0.002670565208416834,v0.00d1.70
1383.931863727455,0.0008137991849699401,0.0026832520701402813,v0.00d1.70
1385.9519038076153,0.000818894971743487,0.002695938931863728,v0.00d1.70
1387.9719438877755,0.0008240446911823646,0.0027087608717434866,v0.00d1.70
1389.9919839679358,0.000829195726052104,0.002721586106212424,v0.00d1.70
1392.0120240480962,0.0008343470915831662,0.0027344121743486977,v0.00d1.70
1394.0320641282565,0.0008395536775551104,0.0027473774649298603,v0.00d1.70
1396.052104208417,0.0008447602635270541,0.002760342755511022,v0.00d1.70
1398.072144288577,0.0008499688490981962,0.0027733130721442883,v0.00d1.70
1400.0921843687374,0.0008552314238476955,0.0027864190921843687,v0.00d1.70
1402.112224448898,0.0008604939985971947,0.00279952511222445,v0.00d1.70
1404.1322645290581,0.0008657602569138277,0.0028126404348697395,v0.00d1.70
1406.1523046092184,0.000871079089779559,0.002825888531062124,v0.00d1.70
1408.1723446893789,0.0008763979226452907,0.0028391366272545095,v0.00d1.70
1410.192384769539,0.0008817221583166332,0.002852398382765531,v0.00d1.70
1412.2124248496993,0.0008870977206412828,0.002865789901803608,v0.00d1.70
1414.2324649298598,0.0008924732829659319,0.0028791814208416833,v0.00d1.70
1416.2525050100198,0.0008978559701402803,0.0028925910360721434,v0.00d1.70
1418.2725450901803,0.0009032885312625251,0.002906127324649299,v0.00d1.70
1420.2925851703408,0.0009087210923847697,0.0029196636132264534,v0.00d1.70
1422.312625250501,0.0009141625476953908,0.002933222462925852,v0.00d1.70
1424.3326653306613,0.0009196525789579158,0.0029469045310621237,v0.00d1.70
1426.3527054108217,0.000925142610220441,0.0029605865991983974,v0.00d1.70
1428.3727454909822,0.0009306433020040084,0.0029742958156312635,v0.00d1.70
1430.3927855711422,0.0009361911064128258,0.0029881250100200402,v0.00d1.70
1432.4128256513027,0.0009417389108216432,0.003001954204408817,v0.00d1.70
1434.4328657314627,0.0009472991817635267,0.003015815214428857,v0.00d1.70
1436.4529058116232,0.0009529051633266532,0.0030297928817635267,v0.00d1.70
1438.4729458917836,0.0009585111448897798,0.003043770549098197,v0.00d1.70
1440.4929859719439,0.0009641314148296594,0.0030577846973947895,v0.00d1.70
1442.5130260521041,0.0009697959438877752,0.00307191184769539,v0.00d1.70
1444.5330661322646,0.0009754604729458917,0.0030860389979959916,v0.00d1.70
1446.553106212425,0.0009811411342685373,0.0031002074468937883,v0.00d1.70
1448.573146292585,0.0009868645811623247,0.0031144854268537075,v0.00d1.70
1450.5931863727455,0.000992588028056112,0.003128763406813627,v0.00d1.70
1452.6132264529058,0.0009983294629258518,0.003143087583166333,v0.00d1.70
1454.6332665330663,0.0010041121643286576,0.0031575177394789584,v0.00d1.70
1456.6533066132265,0.001009894865731463,0.0031719478957915833,v0.00d1.70
1458.6733466933867,0.0010156975430861723,0.0031864291142284567,v0.00d1.70
1460.693386773547,0.001021540172344689,0.0032010124569138267,v0.00d1.70
1462.7134268537075,0.0010273828016032062,0.0032155957995991984,v0.00d1.70
1464.733466933868,0.0010332471903807617,0.0032302352525050105,v0.00d1.70
1466.753507014028,0.0010391497474949898,0.003244973128256513,v0.00d1.70
1468.7735470941884,0.0010450523046092181,0.003259711004008016,v0.00d1.70
1470.7935871743487,0.0010509785370741483,0.003274510250501002,v0.00d1.70
1472.8136272545091,0.0010569413587174351,0.003289404342685371,v0.00d1.70
1474.8336673346694,0.0010629041803607217,0.0033042984348697394,v0.00d1.70
1476.8537074148296,0.001068892897795591,0.0033192588316633257,v0.00d1.70
1478.87374749499,0.001074916993987976,0.0033343098136272547,v0.00d1.70
1480.8937875751503,0.0010809410901803606,0.003349360795591182,v0.00d1.70
1482.9138276553108,0.0010869927535070141,0.0033644835130260523,v0.00d1.70
1484.9338677354708,0.0010930777875751503,0.0033796930681362723,v0.00d1.70
1486.9539078156313,0.0010991628216432863,0.003394902623246492,v0.00d1.70
1488.9739478957915,0.0011052777234468937,0.0034101891202404804,v0.00d1.70
1490.993987975952,0.001111424705410822,0.0034255582585170346,v0.00d1.70
1493.0140280561122,0.0011175716873747495,0.0034409273967935874,v0.00d1.70
1495.0340681362725,0.0011237502084168335,0.003456379088176352,v0.00d1.70
1497.054108216433,0.0011299588016032065,0.003471909492985972,v0.00d1.70
1499.0741482965932,0.0011361673947895795,0.003487439897795592,v0.00d1.70
1501.0941883767537,0.0011424100901803607,0.0035030580200400806,v0.00d1.70
1503.1142284569137,0.001148681641282565,0.0035187503647294586,v0.00d1.70
1505.1342685370741,0.0011549531923847692,0.0035344427094188367,v0.00d1.70
1507.1543086172344,0.0011612603346693386,0.003550228553106212,v0.00d1.70
1509.1743486973949,0.0011675941703406815,0.0035660845210420847,v0.00d1.70
1511.194388777555,0.0011739280060120239,0.0035819404889779554,v0.00d1.70
1513.2144288577153,0.0011803000961923844,0.0035978956352705404,v0.00d1.70
1515.2344689378758,0.0011866975631262525,0.003613916573146292,v0.00d1.70
1517.254509018036,0.0011930950300601203,0.003629937511022045,v0.00d1.70
1519.2745490981965,0.001199532645290581,0.003646063386773547,v0.00d1.70
1521.2945891783565,0.0012059937434869736,0.0036622506412825645,v0.00d1.70
1523.314629258517,0.0012124548416833666,0.0036784378957915834,v0.00d1.70
1525.3346693386775,0.001218958204408818,0.003694735705410823,v0.00d1.70
1527.3547094188377,0.0012254832705410825,0.003711090286573147,v0.00d1.70
1529.374749498998,0.0012320083366733467,0.00372744486773547,v0.00d1.70
1531.3947895791582,0.0012385780360721441,0.003743916146292584,v0.00d1.70
1533.4148296593187,0.001245167743486974,0.0037604397374749496,v0.00d1.70
1535.434869739479,0.001251757450901804,0.0037769633286573157,v0.00d1.70
1537.4549098196394,0.0012583937154308617,0.003793609132264529,v0.00d1.70
1539.4749498997994,0.0012650480641282563,0.0038103024068136264,v0.00d1.70
1541.49498997996,0.001271702412825652,0.0038269956813627272,v0.00d1.70
1543.5150300601204,0.0012784057474949904,0.003843817733466935,v0.00d1.70
1545.5350701402806,0.0012851254108216432,0.003860682711422846,v0.00d1.70
1547.5551102204408,0.0012918450741482962,0.003877547689378757,v0.00d1.70
1549.575150300601,0.0012986159298597189,0.00389454760521042,v0.00d1.70
1551.5951903807613,0.0013054012444889773,0.003911585633266531,v0.00d1.70
1553.6152304609218,0.0013121865591182366,0.003928623661322646,v0.00d1.70
1555.6352705410823,0.0013190255651302604,0.003945802322645291,v0.00d1.70
1557.6553106212427,0.0013258772044088185,0.0039630140741482986,v0.00d1.70
1559.675350701403,0.0013327288436873754,0.003980225825651304,v0.00d1.70
1561.6953907815632,0.0013396361482965935,0.003997584793587175,v0.00d1.70
1563.7154308617235,0.0013465541122244492,0.004014971951903808,v0.00d1.70
1565.7354709418837,0.0013534720761523044,0.0040323591102204405,v0.00d1.70
1567.755511022044,0.001360448557114228,0.004049900168336672,v0.00d1.70
1569.7755511022042,0.001367433855711422,0.004067464416833666,v0.00d1.70
1571.7955911823647,0.0013744191543086173,0.004085028665330662,v0.00d1.70
1573.8156312625251,0.0013814646713426852,0.0041027526893787575,v0.00d1.70
1575.8356713426856,0.0013885169679358723,0.004120494701402807,v0.00d1.70
1577.8557114228458,0.0013955692645290585,0.004138236713426855,v0.00d1.70
1579.875751503006,0.001402684711422846,0.004156145667334669,v0.00d1.70
1581.8957915831663,0.0014098050160320642,0.004174067462925851,v0.00d1.70
1583.9158316633266,0.0014169253206412825,0.004191989258517033,v0.00d1.70
1585.9358717434868,0.0014241107995991978,0.004210084314629257,v0.00d1.70
1587.955911823647,0.001431299112224448,0.004228186903807613,v0.00d1.70
1589.9759519038075,0.0014384874248496995,0.004246289492985973,v0.00d1.70
1591.995991983968,0.0014457436012024047,0.0042645717214428855,v0.00d1.70
1594.0160320641285,0.0014530005951903817,0.004282856114228459,v0.00d1.70
1596.0360721442887,0.0014602588276553111,0.004301143789579159,v0.00d1.70
1598.056112224449,0.0014675851763527059,0.004319612006012025,v0.00d1.70
1600.0761523046092,0.0014749115250501002,0.004338080222444889,v0.00d1.70
1602.0961923847694,0.001482241176352705,0.004356557256513026,v0.00d1.70
1604.1162324649297,0.0014896368797595182,0.004375210643286572,v0.00d1.70
1606.1362725450904,0.001497032583166333,0.004393864030060121,v0.00d1.70
1608.1563126252504,0.0015044336793587176,0.00441253179759519,v0.00d1.70
1610.1763527054109,0.0015118990741482964,0.004431371028056111,v0.00d1.70
1612.1963927855713,0.0015193644689378764,0.0044502102585170355,v0.00d1.70
1614.2164328657316,0.0015268374388777558,0.00446906961723447,v0.00d1.70
1616.2364729458918,0.0015343735350701404,0.0044880967114228456,v0.00d1.70
1618.256513026052,0.0015419096312625248,0.004507123805611222,v0.00d1.70
1620.2765531062123,0.0015494554068136268,0.004526176803607213,v0.00d1.70
1622.2965931863725,0.001557062204408817,0.004545393108216431,v0.00d1.70
1624.3166332665332,0.0015646690020040084,0.004564609412825651,v0.00d1.70
1626.3366733466933,0.0015722876953907818,0.004583857420841683,v0.00d1.70
1628.356713426854,0.001579965867735472,0.004603263945891786,v0.00d1.70
1630.3767535070142,0.0015876440400801608,0.004622670470941885,v0.00d1.70
1632.3967935871744,0.0015953362985971946,0.004642114691382766,v0.00d1.70
1634.4168336673347,0.0016030861823647293,0.004661713120240481,v0.00d1.70
1636.436873747495,0.0016108360661322644,0.004681311549098196,v0.00d1.70
1638.4569138276552,0.0016186022464929853,0.004700953613226451,v0.00d1.70
1640.4769539078154,0.0016264241783567124,0.004720744955911822,v0.00d1.70
1642.496993987976,0.001634246110220441,0.004740536298597195,v0.00d1.70
1644.5170340681361,0.001642086655310621,0.00476037753507014,v0.00d1.70
1646.5370741482968,0.0016499813086172353,0.004780363811623249,v0.00d1.70
1648.557114228457,0.0016578759619238484,0.0048003500881763535,v0.00d1.70
1650.5771543086173,0.0016657913927855714,0.0048203923486973945,v0.00d1.70
1652.5971943887776,0.00167375876753507,0.004840574569138276,v0.00d1.70
1654.6172344689378,0.0016817261422845688,0.004860756789579157,v0.00d1.70
1656.637274549098,0.0016897167775551099,0.004881001356713425,v0.00d1.70
1658.6573146292583,0.0016977578837675342,0.004901381204408815,v0.00d1.70
1660.677354709419,0.0017057989899799601,0.004921761052104209,v0.00d1.70
1662.697394789579,0.0017138655511022044,0.004942209476953907,v0.00d1.70
1664.7174348697397,0.001721980388777556,0.004962787961923849,v0.00d1.70
1666.7374749499,0.0017300952264529064,0.004983366446893789,v0.00d1.70
1668.7575150300602,0.001738238092184369,0.0050040201783567145,v0.00d1.70
1670.7775551102204,0.0017464276713426855,0.005024799320641282,v0.00d1.70
1672.7975951903807,0.0017546172505010017,0.005045578462925851,v0.00d1.70
1674.817635270541,0.001762836945891783,0.005066439096192383,v0.00d1.70
1676.8376753507014,0.0017711009298597199,0.0050874195691382774,v0.00d1.70
1678.8577154308618,0.0017793649138276551,0.0051084000420841685,v0.00d1.70
1680.8777555110219,0.001787661813627254,0.005129468729458918,v0.00d1.70
1682.8977955911826,0.0017960015490981972,0.0051506522164328685,v0.00d1.70
1684.9178356713428,0.0018043412845691385,0.005171835703406816,v0.00d1.70
1686.937875751503,0.0018127160340681364,0.00519311438476954,v0.00d1.70
1688.9579158316633,0.0018211311843687374,0.005214502905811623,v0.00d1.70
1690.9779559118235,0.0018295463346693385,0.005235891426853706,v0.00d1.70
1692.9979959919838,0.0018379992424849693,0.005257381577154306,v0.00d1.70
1695.0180360721442,0.0018464908176352708,0.005278975805611223,v0.00d1.70
1697.0380761523047,0.001854982392785571,0.005300570034068136,v0.00d1.70
1699.0581162324652,0.001863514000000001,0.005322272895791585,v0.00d1.70
1701.0781563126254,0.0018720820000000006,0.005344074515030062,v0.00d1.70
1703.0981963927857,0.0018806500000000004,0.0053658761342685385,v0.00d1.70
1705.118236472946,0.0018892606793587175,0.005387793490981964,v0.00d1.70
1707.1382765531062,0.00189790577755511,0.005409804184368737,v0.00d1.70
1709.1583166332664,0.0019065508757515023,0.00543181487775551,v0.00d1.70
1711.1783567134266,0.0019152413406813618,0.005453948316633265,v0.00d1.70
1713.198396793587,0.0019239642104208418,0.005476169430861723,v0.00d1.70
1715.2184368737476,0.0019326870801603204,0.00549839054509018,v0.00d1.70
1717.238476953908,0.0019414578376753516,0.005520741286573148,v0.00d1.70
1719.2585170340683,0.0019502588156312631,0.005543173831663328,v0.00d1.70
1721.2785571142285,0.0019590597935871747,0.005565606376753508,v0.00d1.70
1723.2985971943888,0.001967911200400802,0.005588176356713426,v0.00d1.70
1725.318637274549,0.0019767906232464926,0.005610822689378757,v0.00d1.70
1727.3386773547093,0.0019856700460921836,0.0056334690220440865,v0.00d1.70
1729.3587174348695,0.0019946026853707405,0.0056562596052104185,v0.00d1.70
1731.37875751503,0.002003561226452906,0.005679120398797596,v0.00d1.70
1733.3987975951904,0.0020125197675350697,0.005701981192384769,v0.00d1.70
1735.418837675351,0.0020215341162324657,0.005724993801603209,v0.00d1.70
1737.4388777555112,0.0020305721122244494,0.00574807073947896,v0.00d1.70
1739.4589178356714,0.002039610108216433,0.005771147677354711,v0.00d1.70
1741.4789579158316,0.002048706523046092,0.005794384096192385,v0.00d1.70
1743.4989979959919,0.002057824310621242,0.005817678861723447,v0.00d1.70
1745.5190380761521,0.002066942098196392,0.005840973627254507,v0.00d1.70
1747.5390781563128,0.00207612119238477,0.005864435382765532,v0.00d1.70
1749.5591182364728,0.0020853194448897795,0.005887949322645291,v0.00d1.70
1751.5791583166333,0.0020945176973947892,0.005911463262525049,v0.00d1.70
1753.5991983967938,0.002103780184368738,0.005935151781563128,v0.00d1.70
1755.619238476954,0.002113059575150301,0.0059588862424849705,v0.00d1.70
1757.6392785571143,0.0021223389659318637,0.005982620703406814,v0.00d1.70
1759.6593186372745,0.0021316850060120237,0.0060065379659318624,v0.00d1.70
1761.6793587174348,0.00214104553507014,0.0060304949679358694,v0.00d1.70
1763.699398797595,0.0021504060641282558,0.0060544519699398764,v0.00d1.70
1765.7194388777557,0.002159836230460922,0.00607859896993988,v0.00d1.70
1767.7394789579157,0.0021692785711422843,0.006102779186372745,v0.00d1.70
1769.7595190380764,0.0021787209118236486,0.006126959402805615,v0.00d1.70
1771.7795591182366,0.0021882359178356722,0.00615133833667335,v0.00d1.70
1773.799599198397,0.0021977607434869742,0.006175744124248499,v0.00d1.70
1775.8196392785571,0.0022072855691382767,0.006200149911823649,v0.00d1.70
1777.8396793587174,0.0022168858216432864,0.006224761743486974,v0.00d1.70
1779.8597194388776,0.002226493468937875,0.0062493937755511,v0.00d1.70
1781.8797595190379,0.0022361011162324636,0.006274025807615227,v0.00d1.70
1783.8997995991986,0.0022457872885771543,0.006298872833667335,v0.00d1.70
1785.9198396793586,0.0022554784308617235,0.006323733466933866,v0.00d1.70
1787.9398797595193,0.002265169573146294,0.006348594100200404,v0.00d1.70
1789.9599198396795,0.002274941725450903,0.006373677184368739,v0.00d1.70
1791.9799599198398,0.0022847163627254512,0.00639876709218437,v0.00d1.70
1794.0,0.002294491,0.006423857,v0.00d1.70
