p_c,R,M,e(pc),col2(pc),col3(pc),col4(pc),col5(pc),col6(pc)
7.066520e-07,8.700000e-01,1.240483e-03,6.640600e-04,2.126869e+00,3.360000e+02,0.000000e+00,2.354132e-01,1.000000e+00
7.256282e-07,8.850000e-01,1.302070e-03,6.641541e-04,2.127178e+00,3.360116e+02,0.000000e+00,2.354132e-01,1.000000e+00
7.451139e-07,8.950000e-01,1.350525e-03,6.642508e-04,2.127494e+00,3.360235e+02,0.000000e+00,2.354132e-01,1.000000e+00
7.651230e-07,9.050000e-01,1.396305e-03,6.643501e-04,2.127820e+00,3.360358e+02,0.000000e+00,2.354132e-01,1.000000e+00
7.856693e-07,9.200000e-01,1.466898e-03,6.644520e-04,2.128154e+00,3.360483e+02,0.000000e+00,2.354132e-01,1.000000e+00
8.067674e-07,9.300000e-01,1.515262e-03,6.645567e-04,2.128497e+00,3.360612e+02,0.000000e+00,2.354132e-01,1.000000e+00
8.284320e-07,9.450000e-01,1.585576e-03,6.646641e-04,2.128849e+00,3.360745e+02,0.000000e+00,2.354132e-01,1.000000e+00
8.506785e-07,9.550000e-01,1.640802e-03,6.647745e-04,2.129211e+00,3.360881e+02,0.000000e+00,2.354132e-01,1.000000e+00
8.735223e-07,9.700000e-01,1.714927e-03,6.648878e-04,2.129583e+00,3.361020e+02,0.000000e+00,2.354132e-01,1.000000e+00
8.969795e-07,9.800000e-01,1.773110e-03,6.650042e-04,2.129964e+00,3.361164e+02,0.000000e+00,2.354132e-01,1.000000e+00
9.210667e-07,9.950000e-01,1.855810e-03,6.651237e-04,2.130356e+00,3.361311e+02,0.000000e+00,2.354132e-01,1.000000e+00
9.458007e-07,1.005000e+00,1.912366e-03,6.652464e-04,2.130758e+00,3.361462e+02,0.000000e+00,2.354132e-01,1.000000e+00
9.711989e-07,1.020000e+00,1.999321e-03,6.653724e-04,2.131171e+00,3.361618e+02,0.000000e+00,2.354132e-01,1.000000e+00
9.972791e-07,1.035000e+00,2.088879e-03,6.655018e-04,2.131595e+00,3.361777e+02,0.000000e+00,2.354132e-01,1.000000e+00
1.024060e-06,1.045000e+00,2.150075e-03,6.656346e-04,2.132031e+00,3.361941e+02,0.000000e+00,2.354132e-01,1.000000e+00
1.051559e-06,1.060000e+00,2.244064e-03,6.657710e-04,2.132478e+00,3.362109e+02,0.000000e+00,2.354132e-01,1.000000e+00
1.079798e-06,1.075000e+00,2.340761e-03,6.659111e-04,2.132937e+00,3.362282e+02,0.000000e+00,2.354132e-01,1.000000e+00
1.108794e-06,1.090000e+00,2.440206e-03,6.660550e-04,2.133408e+00,3.362459e+02,0.000000e+00,2.354132e-01,1.000000e+00
1.138569e-06,1.105000e+00,2.542439e-03,6.662027e-04,2.133893e+00,3.362641e+02,0.000000e+00,2.354132e-01,1.000000e+00
1.169144e-06,1.120000e+00,2.647499e-03,6.663544e-04,2.134390e+00,3.362828e+02,0.000000e+00,2.354132e-01,1.000000e+00
1.200540e-06,1.135000e+00,2.749360e-03,6.665101e-04,2.134900e+00,3.363020e+02,0.000000e+00,2.354132e-01,1.000000e+00
1.232779e-06,1.150000e+00,2.860033e-03,6.666700e-04,2.135425e+00,3.363217e+02,0.000000e+00,2.354132e-01,1.000000e+00
1.265883e-06,1.165000e+00,2.973652e-03,6.668343e-04,2.135963e+00,3.363420e+02,0.000000e+00,2.354132e-01,1.000000e+00
1.299877e-06,1.180000e+00,3.096814e-03,6.670029e-04,2.136516e+00,3.363628e+02,0.000000e+00,2.354132e-01,1.000000e+00
1.334783e-06,1.195000e+00,3.216613e-03,6.671761e-04,2.137083e+00,3.363841e+02,0.000000e+00,2.354132e-01,1.000000e+00
1.370627e-06,1.210000e+00,3.339480e-03,6.673539e-04,2.137666e+00,3.364060e+02,0.000000e+00,2.354132e-01,1.000000e+00
1.407433e-06,1.225000e+00,3.465457e-03,6.675365e-04,2.138265e+00,3.364286e+02,0.000000e+00,2.354132e-01,1.000000e+00
1.445228e-06,1.240000e+00,3.594584e-03,6.677240e-04,2.138879e+00,3.364517e+02,0.000000e+00,2.354132e-01,1.000000e+00
1.484038e-06,1.260000e+00,3.764110e-03,6.679165e-04,2.139510e+00,3.364754e+02,0.000000e+00,2.354132e-01,1.000000e+00
1.523890e-06,1.275000e+00,3.908212e-03,6.681142e-04,2.140159e+00,3.364998e+02,0.000000e+00,2.354132e-01,1.000000e+00
1.564812e-06,1.290000e+00,4.048125e-03,6.683172e-04,2.140824e+00,3.365248e+02,0.000000e+00,2.354132e-01,1.000000e+00
1.606833e-06,1.310000e+00,4.231593e-03,6.685257e-04,2.141507e+00,3.365505e+02,0.000000e+00,2.354132e-01,1.000000e+00
1.649982e-06,1.325000e+00,4.387404e-03,6.687397e-04,2.142209e+00,3.365769e+02,0.000000e+00,2.354132e-01,1.000000e+00
1.694290e-06,1.340000e+00,4.538561e-03,6.689595e-04,2.142930e+00,3.366040e+02,0.000000e+00,2.354132e-01,1.000000e+00
1.739788e-06,1.360000e+00,4.745261e-03,6.691852e-04,2.143669e+00,3.366318e+02,0.000000e+00,2.354132e-01,1.000000e+00
1.786507e-06,1.375000e+00,4.904559e-03,6.694170e-04,2.144429e+00,3.366604e+02,0.000000e+00,2.354132e-01,1.000000e+00
1.834482e-06,1.395000e+00,5.122218e-03,6.696550e-04,2.145209e+00,3.366897e+02,0.000000e+00,2.354132e-01,1.000000e+00
1.883744e-06,1.415000e+00,5.336834e-03,6.698994e-04,2.146010e+00,3.367198e+02,0.000000e+00,2.354132e-01,1.000000e+00
1.934329e-06,1.430000e+00,5.518807e-03,6.701503e-04,2.146833e+00,3.367508e+02,0.000000e+00,2.354132e-01,1.000000e+00
1.986273e-06,1.450000e+00,5.754285e-03,6.704080e-04,2.147678e+00,3.367825e+02,0.000000e+00,2.354132e-01,1.000000e+00
2.039612e-06,1.470000e+00,5.996417e-03,6.706726e-04,2.148545e+00,3.368152e+02,0.000000e+00,2.354132e-01,1.000000e+00
2.094383e-06,1.490000e+00,6.234847e-03,6.709443e-04,2.149436e+00,3.368486e+02,0.000000e+00,2.354132e-01,1.000000e+00
2.150625e-06,1.505000e+00,6.436824e-03,6.712234e-04,2.150350e+00,3.368830e+02,0.000000e+00,2.354132e-01,1.000000e+00
2.208377e-06,1.525000e+00,6.697797e-03,6.715099e-04,2.151289e+00,3.369184e+02,0.000000e+00,2.354132e-01,1.000000e+00
2.267680e-06,1.545000e+00,6.965798e-03,6.718041e-04,2.152254e+00,3.369546e+02,0.000000e+00,2.354132e-01,1.000000e+00
2.328575e-06,1.565000e+00,7.240928e-03,6.721061e-04,2.153244e+00,3.369919e+02,0.000000e+00,2.354132e-01,1.000000e+00
2.391106e-06,1.585000e+00,7.523288e-03,6.724164e-04,2.154261e+00,3.370301e+02,0.000000e+00,2.354132e-01,1.000000e+00
2.455316e-06,1.605000e+00,7.812980e-03,6.727349e-04,2.155305e+00,3.370694e+02,0.000000e+00,2.354132e-01,1.000000e+00
2.521250e-06,1.630000e+00,8.172441e-03,6.730620e-04,2.156377e+00,3.371097e+02,0.000000e+00,2.354132e-01,1.000000e+00
2.588955e-06,1.650000e+00,8.491471e-03,6.733979e-04,2.157478e+00,3.371511e+02,0.000000e+00,2.354132e-01,1.000000e+00
2.658478e-06,1.670000e+00,8.805654e-03,6.737427e-04,2.158609e+00,3.371936e+02,0.000000e+00,2.354132e-01,1.000000e+00
2.729868e-06,1.690000e+00,9.127609e-03,6.740969e-04,2.159770e+00,3.372373e+02,0.000000e+00,2.354132e-01,1.000000e+00
2.803175e-06,1.715000e+00,9.526458e-03,6.744606e-04,2.160962e+00,3.372821e+02,0.000000e+00,2.354132e-01,1.000000e+00
2.878450e-06,1.735000e+00,9.880076e-03,6.748340e-04,2.162186e+00,3.373281e+02,0.000000e+00,2.354132e-01,1.000000e+00
2.955747e-06,1.755000e+00,1.022796e-02,6.752175e-04,2.163443e+00,3.373754e+02,0.000000e+00,2.354132e-01,1.000000e+00
3.035119e-06,1.780000e+00,1.067335e-02,6.756112e-04,2.164734e+00,3.374239e+02,0.000000e+00,2.354132e-01,1.000000e+00
3.116623e-06,1.800000e+00,1.103982e-02,6.760155e-04,2.166059e+00,3.374738e+02,0.000000e+00,2.354132e-01,1.000000e+00
3.200316e-06,1.825000e+00,1.150862e-02,6.764307e-04,2.167420e+00,3.375250e+02,0.000000e+00,2.354132e-01,1.000000e+00
3.286256e-06,1.850000e+00,1.199067e-02,6.768571e-04,2.168817e+00,3.375775e+02,0.000000e+00,2.354132e-01,1.000000e+00
3.374504e-06,1.870000e+00,1.238710e-02,6.772949e-04,2.170253e+00,3.376315e+02,0.000000e+00,2.354132e-01,1.000000e+00
3.465122e-06,1.895000e+00,1.289361e-02,6.777444e-04,2.171726e+00,3.376869e+02,0.000000e+00,2.354132e-01,1.000000e+00
3.558173e-06,1.920000e+00,1.341394e-02,6.782060e-04,2.173239e+00,3.377438e+02,0.000000e+00,2.354132e-01,1.000000e+00
3.653723e-06,1.945000e+00,1.394830e-02,6.786800e-04,2.174793e+00,3.378022e+02,0.000000e+00,2.354132e-01,1.000000e+00
3.751839e-06,1.970000e+00,1.449692e-02,6.791668e-04,2.176389e+00,3.378622e+02,0.000000e+00,2.354132e-01,1.000000e+00
3.852589e-06,1.995000e+00,1.505999e-02,6.796666e-04,2.178027e+00,3.379239e+02,0.000000e+00,2.354132e-01,1.000000e+00
3.956045e-06,2.020000e+00,1.563773e-02,6.801798e-04,2.179709e+00,3.379871e+02,0.000000e+00,2.354132e-01,1.000000e+00
4.062280e-06,2.045000e+00,1.623036e-02,6.806747e-04,2.181338e+00,3.380509e+02,0.000000e+00,2.358740e-01,1.000000e+00
4.171367e-06,2.070000e+00,1.683809e-02,6.811748e-04,2.182985e+00,3.381161e+02,0.000000e+00,2.364641e-01,1.000000e+00
4.283383e-06,2.095000e+00,1.746114e-02,6.816883e-04,2.184677e+00,3.381830e+02,0.000000e+00,2.370700e-01,1.000000e+00
4.398408e-06,2.120000e+00,1.809974e-02,6.822155e-04,2.186414e+00,3.382517e+02,0.000000e+00,2.376922e-01,1.000000e+00
4.516521e-06,2.150000e+00,1.888441e-02,6.827570e-04,2.188197e+00,3.383223e+02,0.000000e+00,2.383312e-01,1.000000e+00
4.637806e-06,2.175000e+00,1.955782e-02,6.833129e-04,2.190028e+00,3.383948e+02,0.000000e+00,2.389873e-01,1.000000e+00
4.762348e-06,2.200000e+00,2.024749e-02,6.838838e-04,2.191909e+00,3.384692e+02,0.000000e+00,2.396610e-01,1.000000e+00
4.890234e-06,2.230000e+00,2.109386e-02,6.844701e-04,2.193840e+00,3.385456e+02,0.000000e+00,2.403528e-01,1.000000e+00
5.021555e-06,2.260000e+00,2.193987e-02,6.850720e-04,2.195823e+00,3.386241e+02,0.000000e+00,2.410632e-01,1.000000e+00
5.156402e-06,2.285000e+00,2.271021e-02,6.856902e-04,2.197859e+00,3.387046e+02,0.000000e+00,2.417926e-01,1.000000e+00
5.294870e-06,2.315000e+00,2.362490e-02,6.863249e-04,2.199950e+00,3.387874e+02,0.000000e+00,2.425417e-01,1.000000e+00
5.437057e-06,2.340000e+00,2.440930e-02,6.869767e-04,2.202097e+00,3.388723e+02,0.000000e+00,2.433108e-01,1.000000e+00
5.583061e-06,2.370000e+00,2.536992e-02,6.876460e-04,2.204302e+00,3.389596e+02,0.000000e+00,2.441007e-01,1.000000e+00
5.732987e-06,2.400000e+00,2.635603e-02,6.883332e-04,2.206566e+00,3.390492e+02,0.000000e+00,2.449117e-01,1.000000e+00
5.886939e-06,2.430000e+00,2.736803e-02,6.890389e-04,2.208891e+00,3.391412e+02,0.000000e+00,2.457445e-01,1.000000e+00
6.045024e-06,2.460000e+00,2.840632e-02,6.897636e-04,2.211278e+00,3.392356e+02,0.000000e+00,2.465997e-01,1.000000e+00
6.207355e-06,2.490000e+00,2.947130e-02,6.905077e-04,2.213729e+00,3.393326e+02,0.000000e+00,2.474778e-01,1.000000e+00
6.374045e-06,2.520000e+00,3.056338e-02,6.912718e-04,2.216246e+00,3.394322e+02,0.000000e+00,2.483795e-01,1.000000e+00
6.545212e-06,2.550000e+00,3.168297e-02,6.920564e-04,2.218831e+00,3.395345e+02,0.000000e+00,2.493054e-01,1.000000e+00
6.720975e-06,2.580000e+00,3.283050e-02,6.928621e-04,2.221485e+00,3.396395e+02,0.000000e+00,2.502562e-01,1.000000e+00
6.901457e-06,2.615000e+00,3.416705e-02,6.936895e-04,2.224210e+00,3.397473e+02,0.000000e+00,2.512325e-01,1.000000e+00
7.086786e-06,2.645000e+00,3.540841e-02,6.945390e-04,2.227009e+00,3.398581e+02,0.000000e+00,2.522351e-01,1.000000e+00
7.277093e-06,2.675000e+00,3.664686e-02,6.954114e-04,2.229882e+00,3.399718e+02,0.000000e+00,2.532646e-01,1.000000e+00
7.472509e-06,2.710000e+00,3.812220e-02,6.962654e-04,2.232704e+00,3.400866e+02,0.000000e+00,2.541893e-01,1.000000e+00
7.673173e-06,2.740000e+00,3.942522e-02,6.971286e-04,2.235561e+00,3.402040e+02,0.000000e+00,2.550955e-01,1.000000e+00
7.879226e-06,2.775000e+00,4.097616e-02,6.980151e-04,2.238493e+00,3.403244e+02,0.000000e+00,2.560261e-01,1.000000e+00
8.090812e-06,2.805000e+00,4.234580e-02,6.989253e-04,2.241505e+00,3.404481e+02,0.000000e+00,2.569816e-01,1.000000e+00
8.308079e-06,2.840000e+00,4.397467e-02,6.998600e-04,2.244597e+00,3.405752e+02,0.000000e+00,2.579628e-01,1.000000e+00
8.531182e-06,2.875000e+00,4.564623e-02,7.008198e-04,2.247772e+00,3.407056e+02,0.000000e+00,2.589704e-01,1.000000e+00
8.760275e-06,2.910000e+00,4.732128e-02,7.018054e-04,2.251033e+00,3.408395e+02,0.000000e+00,2.600050e-01,1.000000e+00
8.995520e-06,2.945000e+00,4.907930e-02,7.028174e-04,2.254381e+00,3.409771e+02,0.000000e+00,2.610674e-01,1.000000e+00
9.237083e-06,2.975000e+00,5.067338e-02,7.038567e-04,2.257819e+00,3.411183e+02,0.000000e+00,2.621584e-01,1.000000e+00
9.485132e-06,3.010000e+00,5.251669e-02,7.049238e-04,2.261350e+00,3.412633e+02,0.000000e+00,2.632786e-01,1.000000e+00
9.739843e-06,3.045000e+00,5.440612e-02,7.060196e-04,2.264975e+00,3.414122e+02,0.000000e+00,2.644289e-01,1.000000e+00
1.000139e-05,3.085000e+00,5.656610e-02,7.071448e-04,2.268698e+00,3.415652e+02,0.000000e+00,2.656101e-01,1.000000e+00
1.026997e-05,3.120000e+00,5.860099e-02,7.083002e-04,2.272520e+00,3.417222e+02,0.000000e+00,2.668230e-01,1.000000e+00
1.054575e-05,3.155000e+00,6.063952e-02,7.094866e-04,2.276446e+00,3.418834e+02,0.000000e+00,2.680685e-01,1.000000e+00
1.082894e-05,3.190000e+00,6.272730e-02,7.106880e-04,2.280427e+00,3.420480e+02,0.000000e+00,2.692437e-01,1.000000e+00
1.111974e-05,3.230000e+00,6.511033e-02,7.118801e-04,2.284398e+00,3.422147e+02,0.000000e+00,2.701968e-01,1.000000e+00
1.141835e-05,3.265000e+00,6.735455e-02,7.131043e-04,2.288474e+00,3.423858e+02,0.000000e+00,2.711755e-01,1.000000e+00
1.172497e-05,3.300000e+00,6.960137e-02,7.143614e-04,2.292660e+00,3.425615e+02,0.000000e+00,2.721805e-01,1.000000e+00
1.203983e-05,3.340000e+00,7.221550e-02,7.156522e-04,2.296959e+00,3.427419e+02,0.000000e+00,2.732125e-01,1.000000e+00
1.236314e-05,3.375000e+00,7.457493e-02,7.169776e-04,2.301373e+00,3.429272e+02,0.000000e+00,2.742722e-01,1.000000e+00
1.269514e-05,3.415000e+00,7.731778e-02,7.183387e-04,2.305905e+00,3.431174e+02,0.000000e+00,2.753603e-01,1.000000e+00
1.303605e-05,3.455000e+00,8.013042e-02,7.197363e-04,2.310559e+00,3.433128e+02,0.000000e+00,2.764777e-01,1.000000e+00
1.338611e-05,3.495000e+00,8.295648e-02,7.211714e-04,2.315339e+00,3.435134e+02,0.000000e+00,2.776251e-01,1.000000e+00
1.374558e-05,3.530000e+00,8.561710e-02,7.226451e-04,2.320246e+00,3.437194e+02,0.000000e+00,2.788033e-01,1.000000e+00
1.411470e-05,3.570000e+00,8.863806e-02,7.241584e-04,2.325285e+00,3.439309e+02,0.000000e+00,2.800131e-01,1.000000e+00
1.449373e-05,3.610000e+00,9.173347e-02,7.256679e-04,2.330327e+00,3.441452e+02,0.000000e+00,2.812038e-01,1.000000e+00
1.488294e-05,3.650000e+00,9.490455e-02,7.271967e-04,2.335441e+00,3.443639e+02,0.000000e+00,2.824016e-01,1.000000e+00
1.528260e-05,3.690000e+00,9.815254e-02,7.287665e-04,2.340692e+00,3.445884e+02,0.000000e+00,2.836317e-01,1.000000e+00
1.569299e-05,3.730000e+00,1.014787e-01,7.303785e-04,2.346084e+00,3.448190e+02,0.000000e+00,2.848947e-01,1.000000e+00
1.611441e-05,3.770000e+00,1.048844e-01,7.320338e-04,2.351621e+00,3.450558e+02,0.000000e+00,2.861917e-01,1.000000e+00
1.654714e-05,3.810000e+00,1.083708e-01,7.337335e-04,2.357307e+00,3.452990e+02,0.000000e+00,2.875235e-01,1.000000e+00
1.699149e-05,3.850000e+00,1.119394e-01,7.354789e-04,2.363145e+00,3.455486e+02,0.000000e+00,2.888911e-01,1.000000e+00
1.744777e-05,3.895000e+00,1.160196e-01,7.372711e-04,2.369140e+00,3.458050e+02,0.000000e+00,2.902954e-01,1.000000e+00
1.791631e-05,3.935000e+00,1.197654e-01,7.390951e-04,2.375250e+00,3.460670e+02,0.000000e+00,2.916579e-01,1.000000e+00
1.839743e-05,3.975000e+00,1.235977e-01,7.409199e-04,2.381386e+00,3.463323e+02,0.000000e+00,2.928238e-01,1.000000e+00
1.889147e-05,4.020000e+00,1.279739e-01,7.427938e-04,2.387687e+00,3.466047e+02,0.000000e+00,2.940211e-01,1.000000e+00
1.939877e-05,4.060000e+00,1.319926e-01,7.447180e-04,2.394157e+00,3.468845e+02,0.000000e+00,2.952504e-01,1.000000e+00
1.991970e-05,4.105000e+00,1.364984e-01,7.466938e-04,2.400801e+00,3.471717e+02,0.000000e+00,2.965128e-01,1.000000e+00
2.045461e-05,4.145000e+00,1.407892e-01,7.487227e-04,2.407624e+00,3.474667e+02,0.000000e+00,2.978091e-01,1.000000e+00
2.100390e-05,4.190000e+00,1.455075e-01,7.508061e-04,2.414629e+00,3.477696e+02,0.000000e+00,2.991402e-01,1.000000e+00
2.156793e-05,4.230000e+00,1.500010e-01,7.529266e-04,2.421769e+00,3.480791e+02,0.000000e+00,3.005079e-01,1.000000e+00
2.214710e-05,4.275000e+00,1.550251e-01,7.550486e-04,2.428941e+00,3.483927e+02,0.000000e+00,3.019150e-01,1.000000e+00
2.274183e-05,4.315000e+00,1.596422e-01,7.572276e-04,2.436306e+00,3.487148e+02,0.000000e+00,3.033599e-01,1.000000e+00
2.335254e-05,4.360000e+00,1.648968e-01,7.594650e-04,2.443869e+00,3.490454e+02,0.000000e+00,3.048436e-01,1.000000e+00
2.397964e-05,4.405000e+00,1.702750e-01,7.617626e-04,2.451635e+00,3.493850e+02,0.000000e+00,3.063671e-01,1.000000e+00
2.462358e-05,4.450000e+00,1.756857e-01,7.641219e-04,2.459610e+00,3.497336e+02,0.000000e+00,3.079316e-01,1.000000e+00
2.528481e-05,4.490000e+00,1.808403e-01,7.665342e-04,2.467774e+00,3.500900e+02,0.000000e+00,3.092866e-01,1.000000e+00
2.596380e-05,4.535000e+00,1.865904e-01,7.689805e-04,2.476087e+00,3.504511e+02,0.000000e+00,3.099279e-01,1.000000e+00
2.666102e-05,4.580000e+00,1.924725e-01,7.714925e-04,2.484624e+00,3.508218e+02,0.000000e+00,3.105863e-01,1.000000e+00
2.737697e-05,4.625000e+00,1.984888e-01,7.740720e-04,2.493389e+00,3.512025e+02,0.000000e+00,3.112625e-01,1.000000e+00
2.811214e-05,4.670000e+00,2.045387e-01,7.767207e-04,2.502390e+00,3.515934e+02,0.000000e+00,3.119568e-01,1.000000e+00
2.886705e-05,4.710000e+00,2.103050e-01,7.794405e-04,2.511633e+00,3.519948e+02,0.000000e+00,3.126698e-01,1.000000e+00
2.964224e-05,4.755000e+00,2.167251e-01,7.821619e-04,2.520932e+00,3.524005e+02,0.000000e+00,3.139851e-01,1.000000e+00
3.043824e-05,4.800000e+00,2.232884e-01,7.849555e-04,2.530478e+00,3.528170e+02,0.000000e+00,3.153433e-01,1.000000e+00
3.125562e-05,4.845000e+00,2.299972e-01,7.878241e-04,2.540281e+00,3.532446e+02,0.000000e+00,3.167380e-01,1.000000e+00
3.209495e-05,4.890000e+00,2.368538e-01,7.907697e-04,2.550347e+00,3.536837e+02,0.000000e+00,3.181701e-01,1.000000e+00
3.295681e-05,4.935000e+00,2.438607e-01,7.937761e-04,2.560637e+00,3.541323e+02,0.000000e+00,3.195282e-01,1.000000e+00
3.384182e-05,4.980000e+00,2.510204e-01,7.968189e-04,2.571089e+00,3.545874e+02,0.000000e+00,3.206513e-01,1.000000e+00
3.475060e-05,5.025000e+00,2.583354e-01,7.999435e-04,2.581822e+00,3.550546e+02,0.000000e+00,3.218046e-01,1.000000e+00
3.568378e-05,5.070000e+00,2.658081e-01,8.031519e-04,2.592843e+00,3.555344e+02,0.000000e+00,3.229888e-01,1.000000e+00
3.664202e-05,5.115000e+00,2.734410e-01,8.064433e-04,2.604153e+00,3.560267e+02,0.000000e+00,3.241922e-01,1.000000e+00
3.762599e-05,5.160000e+00,2.812367e-01,8.097666e-04,2.615630e+00,3.565243e+02,0.000000e+00,3.252040e-01,1.000000e+00
3.863638e-05,5.205000e+00,2.890704e-01,8.131792e-04,2.627415e+00,3.570352e+02,0.000000e+00,3.262430e-01,1.000000e+00
3.967391e-05,5.250000e+00,2.971975e-01,8.166834e-04,2.639517e+00,3.575599e+02,0.000000e+00,3.273099e-01,1.000000e+00
4.073930e-05,5.290000e+00,3.048357e-01,8.202860e-04,2.651966e+00,3.580970e+02,0.000000e+00,3.280521e-01,1.000000e+00
4.183330e-05,5.335000e+00,3.132952e-01,8.240050e-04,2.664850e+00,3.586409e+02,0.000000e+00,3.271957e-01,1.000000e+00
4.295668e-05,5.380000e+00,3.219305e-01,8.278239e-04,2.678080e+00,3.591994e+02,0.000000e+00,3.263164e-01,1.000000e+00
4.411022e-05,5.425000e+00,3.307441e-01,8.317454e-04,2.691665e+00,3.597729e+02,0.000000e+00,3.254134e-01,1.000000e+00
4.529474e-05,5.470000e+00,3.397388e-01,8.357802e-04,2.705677e+00,3.603561e+02,0.000000e+00,3.246397e-01,1.000000e+00
4.651107e-05,5.515000e+00,3.489172e-01,8.399286e-04,2.720106e+00,3.609512e+02,0.000000e+00,3.239442e-01,1.000000e+00
4.776006e-05,5.555000e+00,3.574093e-01,8.441884e-04,2.734922e+00,3.615622e+02,0.000000e+00,3.232300e-01,1.000000e+00
4.904259e-05,5.600000e+00,3.669492e-01,8.485596e-04,2.750146e+00,3.621867e+02,0.000000e+00,3.226494e-01,1.000000e+00
5.035956e-05,5.645000e+00,3.766809e-01,8.530414e-04,2.765805e+00,3.628208e+02,0.000000e+00,3.224152e-01,1.000000e+00
5.171190e-05,5.690000e+00,3.864548e-01,8.576435e-04,2.781883e+00,3.634720e+02,0.000000e+00,3.221747e-01,1.000000e+00
5.310056e-05,5.730000e+00,3.958024e-01,8.623643e-04,2.798392e+00,3.641382e+02,0.000000e+00,3.219925e-01,1.000000e+00
5.452650e-05,5.775000e+00,4.061117e-01,8.671931e-04,2.815336e+00,3.648131e+02,0.000000e+00,3.220555e-01,1.000000e+00
5.599073e-05,5.815000e+00,4.156674e-01,8.721517e-04,2.832735e+00,3.655062e+02,0.000000e+00,3.221201e-01,1.000000e+00
5.749429e-05,5.860000e+00,4.263702e-01,8.772349e-04,2.850594e+00,3.662143e+02,0.000000e+00,3.222126e-01,1.000000e+00
5.903822e-05,5.900000e+00,4.362967e-01,8.824351e-04,2.868915e+00,3.669333e+02,0.000000e+00,3.223686e-01,1.000000e+00
6.062361e-05,5.940000e+00,4.464056e-01,8.877748e-04,2.887729e+00,3.676715e+02,0.000000e+00,3.225288e-01,1.000000e+00
6.225158e-05,5.985000e+00,4.577107e-01,8.932444e-04,2.907062e+00,3.684225e+02,0.000000e+00,3.225058e-01,1.000000e+00
6.392326e-05,6.025000e+00,4.682053e-01,8.988500e-04,2.926927e+00,3.691882e+02,0.000000e+00,3.223350e-01,1.000000e+00
6.563983e-05,6.065000e+00,4.788896e-01,9.046063e-04,2.947325e+00,3.699745e+02,0.000000e+00,3.221596e-01,1.000000e+00
6.740250e-05,6.105000e+00,4.897658e-01,9.104726e-04,2.968186e+00,3.707677e+02,0.000000e+00,3.226795e-01,1.000000e+00
6.921250e-05,6.145000e+00,5.008364e-01,9.164951e-04,2.989603e+00,3.715818e+02,0.000000e+00,3.232369e-01,1.000000e+00
7.107111e-05,6.185000e+00,5.121034e-01,9.226750e-04,3.011647e+00,3.724128e+02,0.000000e+00,3.232096e-01,1.000000e+00
7.297963e-05,6.225000e+00,5.235691e-01,9.290165e-04,3.034337e+00,3.732608e+02,0.000000e+00,3.225653e-01,1.000000e+00
7.493940e-05,6.265000e+00,5.350507e-01,9.355209e-04,3.057624e+00,3.741293e+02,0.000000e+00,3.220734e-01,1.000000e+00
7.695179e-05,6.300000e+00,5.459825e-01,9.421579e-04,3.081469e+00,3.750075e+02,0.000000e+00,3.225463e-01,1.000000e+00
7.901823e-05,6.340000e+00,5.580425e-01,9.489732e-04,3.105955e+00,3.759092e+02,0.000000e+00,3.230319e-01,1.000000e+00
8.114016e-05,6.375000e+00,5.691601e-01,9.559378e-04,3.131085e+00,3.768219e+02,0.000000e+00,3.231526e-01,1.000000e+00
8.331907e-05,6.415000e+00,5.816213e-01,9.630856e-04,3.156889e+00,3.777576e+02,0.000000e+00,3.232343e-01,1.000000e+00
8.555649e-05,6.440000e+00,5.901599e-01,1.173468e-03,3.870475e+00,3.787005e+02,0.000000e+00,2.132137e-01,1.350234e+00
8.785399e-05,6.450000e+00,5.939352e-01,1.459836e-03,4.841242e+00,3.796624e+02,0.000000e+00,6.209665e-02,1.831199e+00
9.021319e-05,6.450000e+00,5.948805e-01,1.566597e-03,5.204141e+00,3.804051e+02,0.000000e+00,6.147608e-02,2.000000e+00
9.263574e-05,6.450000e+00,5.960107e-01,1.576357e-03,5.238768e+00,3.810371e+02,0.000000e+00,1.432479e-01,2.000000e+00
9.512335e-05,6.445000e+00,5.961889e-01,1.586379e-03,5.274325e+00,3.816861e+02,0.000000e+00,2.272156e-01,2.000000e+00
9.767776e-05,6.445000e+00,5.977477e-01,1.596571e-03,5.310583e+00,3.823458e+02,0.000000e+00,2.684424e-01,2.000000e+00
1.003008e-04,6.440000e+00,5.983270e-01,1.606945e-03,5.347582e+00,3.830169e+02,0.000000e+00,2.696418e-01,2.000000e+00
1.029942e-04,6.435000e+00,5.990911e-01,1.617597e-03,5.385574e+00,3.837061e+02,0.000000e+00,2.708734e-01,2.000000e+00
1.057600e-04,6.435000e+00,6.010064e-01,1.628423e-03,5.424300e+00,3.844060e+02,0.000000e+00,2.720994e-01,2.000000e+00
1.086000e-04,6.430000e+00,6.023114e-01,1.639456e-03,5.463857e+00,3.851189e+02,0.000000e+00,2.733300e-01,2.000000e+00
1.115163e-04,6.425000e+00,6.035866e-01,1.650786e-03,5.504476e+00,3.858510e+02,0.000000e+00,2.745937e-01,2.000000e+00
1.145109e-04,6.420000e+00,6.050224e-01,1.662260e-03,5.545783e+00,3.865916e+02,0.000000e+00,2.758410e-01,2.000000e+00
1.175860e-04,6.415000e+00,6.066147e-01,1.674002e-03,5.588098e+00,3.873492e+02,0.000000e+00,2.771089e-01,2.000000e+00
1.207436e-04,6.410000e+00,6.083600e-01,1.686027e-03,5.631467e+00,3.881249e+02,0.000000e+00,2.783998e-01,2.000000e+00
1.239860e-04,6.410000e+00,6.112213e-01,1.698203e-03,5.675573e+00,3.889092e+02,0.000000e+00,2.796669e-01,2.000000e+00
1.273155e-04,6.405000e+00,6.134544e-01,1.710706e-03,5.720862e+00,3.897145e+02,0.000000e+00,2.809680e-01,2.000000e+00
1.307344e-04,6.400000e+00,6.156372e-01,1.723409e-03,5.767033e+00,3.905317e+02,0.000000e+00,2.822636e-01,2.000000e+00
1.342450e-04,6.395000e+00,6.179611e-01,1.736380e-03,5.814261e+00,3.913657e+02,0.000000e+00,2.835719e-01,2.000000e+00
1.378500e-04,6.390000e+00,6.204227e-01,1.749646e-03,5.862625e+00,3.922181e+02,0.000000e+00,2.848983e-01,2.000000e+00
1.415518e-04,6.390000e+00,6.239806e-01,1.763110e-03,5.911898e+00,3.930818e+02,0.000000e+00,2.862101e-01,2.000000e+00
1.453530e-04,6.385000e+00,6.269010e-01,1.776936e-03,5.962494e+00,3.939688e+02,0.000000e+00,2.875571e-01,2.000000e+00
1.492562e-04,6.380000e+00,6.297596e-01,1.790925e-03,6.013941e+00,3.948643e+02,0.000000e+00,2.888755e-01,2.000000e+00
1.532643e-04,6.375000e+00,6.327459e-01,1.805282e-03,6.066750e+00,3.957832e+02,0.000000e+00,2.902269e-01,2.000000e+00
1.573800e-04,6.375000e+00,6.368135e-01,1.819858e-03,6.120572e+00,3.967144e+02,0.000000e+00,2.915663e-01,2.000000e+00
1.616062e-04,6.370000e+00,6.402376e-01,1.834774e-03,6.175714e+00,3.976668e+02,0.000000e+00,2.929269e-01,2.000000e+00
1.659460e-04,6.365000e+00,6.435902e-01,1.849945e-03,6.231986e+00,3.986338e+02,0.000000e+00,2.942844e-01,2.000000e+00
1.704022e-04,6.360000e+00,6.470606e-01,1.865447e-03,6.289584e+00,3.996210e+02,0.000000e+00,2.956572e-01,2.000000e+00
1.749781e-04,6.360000e+00,6.515976e-01,1.881227e-03,6.348397e+00,4.006241e+02,0.000000e+00,2.970177e-01,2.000000e+00
1.796769e-04,6.355000e+00,6.554843e-01,1.897346e-03,6.408587e+00,4.016477e+02,0.000000e+00,2.983846e-01,2.000000e+00
1.845019e-04,6.350000e+00,6.592901e-01,1.913748e-03,6.470038e+00,4.026873e+02,0.000000e+00,2.997491e-01,2.000000e+00
1.894565e-04,6.350000e+00,6.641519e-01,1.930515e-03,6.532955e+00,4.037489e+02,0.000000e+00,3.011298e-01,2.000000e+00
1.945441e-04,6.345000e+00,6.683574e-01,1.947555e-03,6.597149e+00,4.048254e+02,0.000000e+00,3.025000e-01,2.000000e+00
1.997683e-04,6.340000e+00,6.724749e-01,1.965000e-03,6.662939e+00,4.059266e+02,0.000000e+00,3.038924e-01,2.000000e+00
2.051328e-04,6.340000e+00,6.778262e-01,1.982698e-03,6.729993e+00,4.070405e+02,0.000000e+00,3.052577e-01,2.000000e+00
2.106413e-04,6.335000e+00,6.821366e-01,2.000819e-03,6.798725e+00,4.081801e+02,0.000000e+00,3.066454e-01,2.000000e+00
2.162978e-04,6.330000e+00,6.865407e-01,2.019230e-03,6.868846e+00,4.093348e+02,0.000000e+00,3.080183e-01,2.000000e+00
2.221062e-04,6.330000e+00,6.921662e-01,2.038035e-03,6.940617e+00,4.105124e+02,0.000000e+00,3.093997e-01,2.000000e+00
2.280706e-04,6.325000e+00,6.967464e-01,2.057210e-03,7.014007e+00,4.117109e+02,0.000000e+00,3.107810e-01,2.000000e+00
2.341951e-04,6.325000e+00,7.023517e-01,2.076722e-03,7.088957e+00,4.129271e+02,0.000000e+00,3.121495e-01,2.000000e+00
2.404841e-04,6.320000e+00,7.072845e-01,2.096668e-03,7.165718e+00,4.141687e+02,0.000000e+00,3.135309e-01,2.000000e+00
2.469420e-04,6.315000e+00,7.121071e-01,2.116943e-03,7.244071e+00,4.154269e+02,0.000000e+00,3.148970e-01,2.000000e+00
2.535733e-04,6.315000e+00,7.179432e-01,2.137631e-03,7.324233e+00,4.167081e+02,0.000000e+00,3.162625e-01,2.000000e+00
2.603826e-04,6.310000e+00,7.230994e-01,2.158764e-03,7.406299e+00,4.180145e+02,0.000000e+00,3.176335e-01,2.000000e+00
2.673748e-04,6.305000e+00,7.281372e-01,2.180226e-03,7.490038e+00,4.193363e+02,0.000000e+00,3.189811e-01,2.000000e+00
2.745548e-04,6.305000e+00,7.343634e-01,2.202141e-03,7.575755e+00,4.206833e+02,0.000000e+00,3.203332e-01,2.000000e+00
2.819276e-04,6.300000e+00,7.395283e-01,2.224515e-03,7.663486e+00,4.220557e+02,0.000000e+00,3.216880e-01,2.000000e+00
2.894984e-04,6.295000e+00,7.447530e-01,2.247256e-03,7.753062e+00,4.234452e+02,0.000000e+00,3.230199e-01,2.000000e+00
2.972725e-04,6.295000e+00,7.509664e-01,2.270460e-03,7.844723e+00,4.248594e+02,0.000000e+00,3.243497e-01,2.000000e+00
3.052554e-04,6.290000e+00,7.564857e-01,2.294140e-03,7.938527e+00,4.262990e+02,0.000000e+00,3.256779e-01,2.000000e+00
3.134526e-04,6.285000e+00,7.618684e-01,2.318259e-03,8.034431e+00,4.277606e+02,0.000000e+00,3.269932e-01,2.000000e+00
3.218699e-04,6.280000e+00,7.672973e-01,2.342819e-03,8.132471e+00,4.292435e+02,0.000000e+00,3.282937e-01,2.000000e+00
3.305133e-04,6.280000e+00,7.738840e-01,2.367875e-03,8.232800e+00,4.307522e+02,0.000000e+00,3.295894e-01,2.000000e+00
3.393888e-04,6.275000e+00,7.793957e-01,2.393432e-03,8.335465e+00,4.322864e+02,0.000000e+00,3.308787e-01,2.000000e+00
3.485026e-04,6.270000e+00,7.849443e-01,2.419473e-03,8.440465e+00,4.338441e+02,0.000000e+00,3.321548e-01,2.000000e+00
3.578612e-04,6.265000e+00,7.905265e-01,2.445989e-03,8.547822e+00,4.354237e+02,0.000000e+00,3.334115e-01,2.000000e+00
3.674711e-04,6.260000e+00,7.961384e-01,2.473031e-03,8.657685e+00,4.370294e+02,0.000000e+00,3.346599e-01,2.000000e+00
3.773390e-04,6.260000e+00,8.027004e-01,2.500606e-03,8.770110e+00,4.386611e+02,0.000000e+00,3.358981e-01,2.000000e+00
3.874719e-04,6.255000e+00,8.083626e-01,2.528724e-03,8.885157e+00,4.403188e+02,0.000000e+00,3.371243e-01,2.000000e+00
3.978770e-04,6.250000e+00,8.142294e-01,2.557393e-03,9.002887e+00,4.420027e+02,0.000000e+00,3.383373e-01,2.000000e+00
4.085614e-04,6.245000e+00,8.199295e-01,2.586578e-03,9.123283e+00,4.437088e+02,0.000000e+00,3.395279e-01,2.000000e+00
4.195328e-04,6.240000e+00,8.256428e-01,2.616337e-03,9.246503e+00,4.454416e+02,0.000000e+00,3.407046e-01,2.000000e+00
4.307987e-04,6.235000e+00,8.313681e-01,2.646678e-03,9.372619e+00,4.472011e+02,0.000000e+00,3.418668e-01,2.000000e+00
4.423673e-04,6.230000e+00,8.371006e-01,2.677611e-03,9.501700e+00,4.489875e+02,0.000000e+00,3.430138e-01,2.000000e+00
4.542464e-04,6.225000e+00,8.426554e-01,2.709149e-03,9.633821e+00,4.508008e+02,0.000000e+00,3.441446e-01,2.000000e+00
4.664446e-04,6.215000e+00,8.474849e-01,2.741301e-03,9.769059e+00,4.526412e+02,0.000000e+00,3.452582e-01,2.000000e+00
4.789703e-04,6.210000e+00,8.532234e-01,2.774079e-03,9.907495e+00,4.545089e+02,0.000000e+00,3.463544e-01,2.000000e+00
4.918324e-04,6.205000e+00,8.589567e-01,2.807495e-03,1.004921e+01,4.564039e+02,0.000000e+00,3.474322e-01,2.000000e+00
5.050399e-04,6.200000e+00,8.646832e-01,2.841561e-03,1.019429e+01,4.583266e+02,0.000000e+00,3.484917e-01,2.000000e+00
5.186021e-04,6.195000e+00,8.702169e-01,2.876292e-03,1.034283e+01,4.602770e+02,0.000000e+00,3.495316e-01,2.000000e+00
5.325285e-04,6.185000e+00,8.750165e-01,2.911699e-03,1.049491e+01,4.622554e+02,0.000000e+00,3.505505e-01,2.000000e+00
5.468288e-04,6.180000e+00,8.807024e-01,2.947796e-03,1.065063e+01,4.642620e+02,0.000000e+00,3.515517e-01,2.000000e+00
5.615131e-04,6.175000e+00,8.861891e-01,2.984600e-03,1.081009e+01,4.662970e+02,0.000000e+00,3.525314e-01,2.000000e+00
5.765918e-04,6.165000e+00,8.909369e-01,3.022122e-03,1.097339e+01,4.683608e+02,0.000000e+00,3.534909e-01,2.000000e+00
5.920754e-04,6.160000e+00,8.965562e-01,3.060381e-03,1.114063e+01,4.704535e+02,0.000000e+00,3.544293e-01,2.000000e+00
6.079748e-04,6.150000e+00,9.010766e-01,3.099391e-03,1.131193e+01,4.725754e+02,0.000000e+00,3.553462e-01,2.000000e+00
6.243011e-04,6.145000e+00,9.066395e-01,3.139168e-03,1.148738e+01,4.747268e+02,0.000000e+00,3.562425e-01,2.000000e+00
6.410659e-04,6.135000e+00,9.111030e-01,3.179730e-03,1.166711e+01,4.769080e+02,0.000000e+00,3.571173e-01,2.000000e+00
6.582808e-04,6.130000e+00,9.164189e-01,3.221093e-03,1.185123e+01,4.791194e+02,0.000000e+00,3.579707e-01,2.000000e+00
6.759581e-04,6.120000e+00,9.209902e-01,3.263275e-03,1.203986e+01,4.813612e+02,0.000000e+00,3.588028e-01,2.000000e+00
6.941100e-04,6.110000e+00,9.253488e-01,3.306296e-03,1.223313e+01,4.836338e+02,0.000000e+00,3.596133e-01,2.000000e+00
7.127494e-04,6.105000e+00,9.305451e-01,3.350174e-03,1.243116e+01,4.859375e+02,0.000000e+00,3.604021e-01,2.000000e+00
7.318893e-04,6.095000e+00,9.349953e-01,3.394897e-03,1.263406e+01,4.882697e+02,0.000000e+00,3.611657e-01,2.000000e+00
7.515432e-04,6.085000e+00,9.392257e-01,3.440505e-03,1.284197e+01,4.906326e+02,0.000000e+00,3.619065e-01,2.000000e+00
7.717249e-04,6.075000e+00,9.434119e-01,3.487028e-03,1.305505e+01,4.930276e+02,0.000000e+00,3.626257e-01,2.000000e+00
7.924485e-04,6.065000e+00,9.475499e-01,3.534486e-03,1.327345e+01,4.954549e+02,0.000000e+00,3.633236e-01,2.000000e+00
8.137286e-04,6.055000e+00,9.516349e-01,3.582899e-03,1.349731e+01,4.979150e+02,0.000000e+00,3.640007e-01,2.000000e+00
8.355802e-04,6.045000e+00,9.556692e-01,3.632248e-03,1.372674e+01,5.004038e+02,0.000000e+00,3.646511e-01,2.000000e+00
8.580186e-04,6.035000e+00,9.596479e-01,3.682586e-03,1.396193e+01,5.029250e+02,0.000000e+00,3.652794e-01,2.000000e+00
8.810595e-04,6.025000e+00,9.635706e-01,3.733946e-03,1.420305e+01,5.054800e+02,0.000000e+00,3.658871e-01,2.000000e+00
9.047192e-04,6.015000e+00,9.674357e-01,3.786344e-03,1.445026e+01,5.080684e+02,0.000000e+00,3.664736e-01,2.000000e+00
9.290142e-04,6.005000e+00,9.712384e-01,3.839756e-03,1.470368e+01,5.106858e+02,0.000000e+00,3.670334e-01,2.000000e+00
9.539616e-04,5.995000e+00,9.749796e-01,3.894259e-03,1.496355e+01,5.133380e+02,0.000000e+00,3.675734e-01,2.000000e+00
9.795790e-04,5.985000e+00,9.786571e-01,3.949880e-03,1.523004e+01,5.160254e+02,0.000000e+00,3.680928e-01,2.000000e+00
1.005884e-03,5.975000e+00,9.820984e-01,4.006574e-03,1.550328e+01,5.187415e+02,0.000000e+00,3.685866e-01,2.000000e+00
1.032896e-03,5.960000e+00,9.848073e-01,4.064438e-03,1.578352e+01,5.214937e+02,0.000000e+00,3.690607e-01,2.000000e+00
1.060633e-03,5.950000e+00,9.882868e-01,4.123471e-03,1.607093e+01,5.242797e+02,0.000000e+00,3.695130e-01,2.000000e+00
1.089115e-03,5.940000e+00,9.916945e-01,4.183677e-03,1.636570e+01,5.270975e+02,0.000000e+00,3.699426e-01,2.000000e+00
1.118361e-03,5.925000e+00,9.940390e-01,4.245134e-03,1.666809e+01,5.299528e+02,0.000000e+00,3.703535e-01,2.000000e+00
1.148394e-03,5.915000e+00,9.973054e-01,4.307790e-03,1.697822e+01,5.328375e+02,0.000000e+00,3.707398e-01,2.000000e+00
1.179232e-03,5.905000e+00,1.000335e+00,4.371750e-03,1.729639e+01,5.357602e+02,0.000000e+00,3.711079e-01,2.000000e+00
1.210899e-03,5.890000e+00,1.002635e+00,4.436983e-03,1.762279e+01,5.387148e+02,0.000000e+00,3.714536e-01,2.000000e+00
1.243416e-03,5.880000e+00,1.005517e+00,4.503562e-03,1.795767e+01,5.417063e+02,0.000000e+00,3.717804e-01,2.000000e+00
1.276806e-03,5.865000e+00,1.007674e+00,4.571474e-03,1.830125e+01,5.447305e+02,0.000000e+00,3.720859e-01,2.000000e+00
1.311093e-03,5.855000e+00,1.010403e+00,4.640789e-03,1.865378e+01,5.477920e+02,0.000000e+00,3.723728e-01,2.000000e+00
1.346301e-03,5.840000e+00,1.012413e+00,4.711490e-03,1.901552e+01,5.508858e+02,0.000000e+00,3.726386e-01,2.000000e+00
1.382454e-03,5.825000e+00,1.014188e+00,4.783669e-03,1.938674e+01,5.540188e+02,0.000000e+00,3.728874e-01,2.000000e+00
1.419578e-03,5.815000e+00,1.016845e+00,4.857275e-03,1.976766e+01,5.571826e+02,0.000000e+00,3.731147e-01,2.000000e+00
1.457698e-03,5.800000e+00,1.018470e+00,4.932415e-03,2.015861e+01,5.603851e+02,0.000000e+00,3.733251e-01,2.000000e+00
1.496843e-03,5.785000e+00,1.020019e+00,5.009084e-03,2.055984e+01,5.636226e+02,0.000000e+00,3.735168e-01,2.000000e+00
1.537039e-03,5.775000e+00,1.022277e+00,5.087310e-03,2.097165e+01,5.668951e+02,0.000000e+00,3.736902e-01,2.000000e+00
1.578314e-03,5.760000e+00,1.023829e+00,5.167162e-03,2.139434e+01,5.702061e+02,0.000000e+00,3.738470e-01,2.000000e+00
1.620697e-03,5.745000e+00,1.025145e+00,5.248628e-03,2.182822e+01,5.735511e+02,0.000000e+00,3.739857e-01,2.000000e+00
1.664219e-03,5.730000e+00,1.026387e+00,5.331766e-03,2.227360e+01,5.769325e+02,0.000000e+00,3.741075e-01,2.000000e+00
1.708909e-03,5.715000e+00,1.027552e+00,5.416626e-03,2.273080e+01,5.803521e+02,0.000000e+00,3.742134e-01,2.000000e+00
1.754800e-03,5.700000e+00,1.028639e+00,5.503225e-03,2.320018e+01,5.838080e+02,0.000000e+00,3.743030e-01,2.000000e+00
1.801922e-03,5.690000e+00,1.030411e+00,5.591586e-03,2.368205e+01,5.872989e+02,0.000000e+00,3.743761e-01,2.000000e+00
1.850311e-03,5.675000e+00,1.031490e+00,5.681776e-03,2.417679e+01,5.908280e+02,0.000000e+00,3.744342e-01,2.000000e+00
1.899998e-03,5.660000e+00,1.032339e+00,5.773830e-03,2.468474e+01,5.943950e+02,0.000000e+00,3.744774e-01,2.000000e+00
1.951020e-03,5.645000e+00,1.033111e+00,5.867787e-03,2.520629e+01,5.980000e+02,0.000000e+00,3.745070e-01,2.000000e+00
